case_id,party_number,victim_number,accident_year,collision_time,day_of_week,weather_1,primary_coll_factor,type_of_collision,at_fault,party_sex,party_soberiety,oaf_1,move_pre_acc,vehicle_year,vehicle_make,stwd_vehicle_type,race,road_surface,road_cond_1,lighting,point_x,point_y,victim_age,severe_injury,safety_equip_used,victim_sex,victim_seating_postion,victim_ejected
8589636,2,1,2018,2005,6,A,A,C,N,M,A,N,A,2004,CHEVROLET,D,W,A,H,C,-117.7491913,34.03329086,67,0,GM,M,1,0
8589636,2,2,2018,2005,6,A,A,C,N,M,A,N,A,2004,CHEVROLET,D,W,A,H,C,-117.7491913,34.03329086,67,0,GM,F,3,0
8617195,1,1,2018,2,1,A,A,C,Y,F,B,A,B,2003,TOYOTA,D,H,A,H,C,-118.2348404,34.10095215,23,0,GM,F,1,0
8872341,1,1,2019,407,2,B,A,D,Y,M,A,N,B,2017,TOYOTA,D,H,B,H,C,-118.1322784,34.13587952,36,0,GL,M,1,0
8875390,1,1,2019,1616,3,A,A,E,Y,M,A,N,C,2004,NISSAN,D,H,A,H,A,-118.2750931,33.79059219,51,0,GL,M,1,0
8875390,1,2,2019,1616,3,A,A,E,Y,M,A,N,C,2004,NISSAN,D,H,A,H,A,-118.2750931,33.79059219,13,0,GL,F,3,0
9014498,1,1,2019,1020,4,D,A,E,Y,M,A,A,J,2000,CHEVROLET,D,H,C,H,A,-118.1552429,34.60183716,25,0,GM,F,3,0
9014498,1,2,2019,1020,4,D,A,E,Y,M,A,A,J,2000,CHEVROLET,D,H,C,H,A,-118.1552429,34.60183716,5,0,GM,F,4,0
9014498,1,3,2019,1020,4,D,A,E,Y,M,A,A,J,2000,CHEVROLET,D,H,C,H,A,-118.1552429,34.60183716,7,0,CM,M,5,0
9014498,1,4,2019,1020,4,D,A,E,Y,M,A,A,J,2000,CHEVROLET,D,H,C,H,A,-118.1552429,34.60183716,2,0,PQ,F,6,0
90373939,3,1,2017,1100,6,A,A,H,N,M,A,A,B,2000,TOYT,D,H,A,H,A,-118.1050288,33.90138386,46,0,GM,M,1,0
90546282,1,1,2017,1812,7,A,A,B,Y,M,A,N,R,2009,GMC,D,H,A,H,A,-118.1464613,34.03365535,59,0,GL,M,1,0
90620076,3,1,2017,1701,3,A,A,C,N,M,A,N,A,2015,TOYO,D,O,A,H,C,-118.4848106,34.16517053,28,0,GM,M,3,0
90620076,3,2,2017,1701,3,A,A,C,N,M,A,N,A,2015,TOYO,D,O,A,H,C,-118.4848106,34.16517053,34,0,GP,M,6,0
90620076,3,3,2017,1701,3,A,A,C,N,M,A,N,A,2015,TOYO,D,O,A,H,C,-118.4848106,34.16517053,47,0,GM,M,1,0
91106892,2,1,2019,1145,3,A,A,C,N,M,A,N,A,2012,TOYO,D,W,A,H,A,-118.1015396,33.7922821,18,0,GM,M,1,0
8472601,2,1,2017,1838,4,A,A,A,N,M,A,N,B,2002,NISSAN,D,H,A,H,C,-118.5951099,34.24999,32,0,GL,M,1,0
8507266,1,1,2017,828,1,A,A,D,Y,M,A,N,E,2002,FORD,D,A,A,H,A,-118.2317462,34.06721773,37,0,GM,F,3,0
8511458,1,1,2017,1610,5,A,A,D,Y,F,A,J,E,2001,TOYOTA,D,H,A,H,A,-118.2609001,34.03569003,71,0,GM,F,1,0
8545079,2,1,2017,1545,1,A,A,B,N,M,A,N,A,1994,CHEVROLET,D,H,A,H,A,-118.3282409,34.07574675,32,0,GM,M,1,0
8545079,2,2,2017,1545,1,A,A,B,N,M,A,N,A,1994,CHEVROLET,D,H,A,H,A,-118.3282409,34.07574675,43,0,GM,M,3,0
8775336,2,1,2018,1159,3,A,A,D,N,M,A,N,B,1999,FORD,D,H,A,H,A,-118.1281433,34.15130997,49,0,GM,M,1,0
8974012,2,1,2019,1600,1,A,A,A,N,M,A,N,B,2002,FORD,D,H,A,H,A,-118.4312515,34.16487122,48,0,GL,M,1,0
90895674,2,1,2018,1050,6,A,A,C,N,M,A,N,A,2005,FORD,D,H,A,H,A,-118.467804,34.17301559,57,0,GM,M,1,0
90920531,2,1,2018,1925,4,A,A,D,N,M,A,N,B,1999,TOYO,D,H,A,H,C,-118.0647812,34.00370789,55,0,GL,M,1,0
90920531,2,2,2018,1925,4,A,A,D,N,M,A,N,B,1999,TOYO,D,H,A,H,C,-118.0647812,34.00370789,55,0,GL,F,3,0
90925806,2,1,2019,715,5,A,A,E,N,M,A,N,B,2002,GMC,D,B,A,H,A,-118.240303,33.82575226,15,0,GM,M,3,0
90960622,1,1,2019,1042,4,A,A,C,Y,M,A,F,B,2011,FORD,D,H,A,H,A,-118.3095016,34.17776871,33,0,GL,M,1,0
90992550,2,1,2019,743,4,A,A,C,N,F,A,N,H,2005,CHEV,D,H,A,H,A,-118.3691711,33.92753983,10,0,GP,F,4,0
91080068,2,1,2019,1400,3,A,A,C,N,M,G,N,A,2008,TOYO,D,A,A,H,A,-118.1256409,34.15184402,68,0,GM,M,1,0
8483155,2,1,2017,1836,3,A,A,A,N,M,A,N,B,2006,CHEVROLET,D,B,A,H,B,-118.16148,34.70421007,24,0,GL,M,1,0
8538799,2,1,2017,1850,4,A,A,C,N,M,A,N,A,2002,FORD,D,H,A,H,C,-118.2704301,34.0111601,35,0,GM,M,1,0
8538799,2,2,2017,1850,4,A,A,C,N,M,A,N,A,2002,FORD,D,H,A,H,C,-118.2704301,34.0111601,30,0,GM,M,3,0
8546219,3,1,2018,1635,4,A,A,A,N,M,A,N,A,2003,DODGE,D,H,A,H,A,-118.5025101,34.23572159,61,0,GM,F,3,0
8596399,2,1,2018,1810,3,A,A,B,N,M,A,N,B,2015,DODGE,D,H,A,H,A,-118.5523605,34.18571472,998,0,GM,M,3,0
8596399,2,2,2018,1810,3,A,A,B,N,M,A,N,B,2015,DODGE,D,H,A,H,A,-118.5523605,34.18571472,998,0,GM,M,6,0
8785532,2,1,2019,1255,4,A,A,A,N,M,A,N,B,1999,TOYOTA,D,W,A,H,A,-118.2923203,33.74061966,38,0,GL,M,1,0
8847369,1,1,2019,715,4,A,A,D,Y,M,A,N,B,2003,TOYOTA,D,H,A,H,A,-118.3768387,34.04450989,34,0,GM,M,3,0
8898647,2,1,2019,1520,3,A,A,D,N,M,A,N,B,2008,FORD,D,H,A,H,A,-118.4485321,34.23540878,42,0,GM,M,1,0
8917497,1,1,2019,1312,3,A,A,E,Y,M,B,A,B,1994,TOYOTA,D,W,A,H,A,-117.7576981,34.1341629,31,0,BM,M,1,0
9015448,3,1,2019,815,3,B,A,C,N,M,A,N,A,2003,DODGE,D,H,B,H,A,-118.0562363,34.54273987,53,0,GM,M,3,0
9015448,3,2,2019,815,3,B,A,C,N,M,A,N,A,2003,DODGE,D,H,B,H,A,-118.0562363,34.54273987,47,0,GM,M,6,0
90393996,2,1,2017,1515,5,B,A,C,N,M,A,N,A,2014,TOYO,D,A,A,H,A,-117.9134659,34.10715155,46,0,GM,M,1,0
90393996,2,2,2017,1515,5,B,A,C,N,M,A,N,A,2014,TOYO,D,A,A,H,A,-117.9134659,34.10715155,42,0,GM,F,3,0
90395310,1,1,2017,1535,3,A,A,E,Y,F,A,N,C,2000,CHEV,D,W,A,H,A,-118.2362341,34.65366885,63,0,GL,F,1,0
90508157,2,1,2017,1505,3,A,A,C,N,M,A,N,A,2010,TOYT,D,H,A,H,A,-118.1025016,33.87675793,12,0,GP,M,6,0
90508157,2,2,2017,1505,3,A,A,C,N,M,A,N,A,2010,TOYT,D,H,A,H,A,-118.1025016,33.87675793,37,0,GM,M,1,0
90727883,2,1,2018,2156,6,A,A,B,N,M,A,H,P,2004,FORD,D,W,A,H,D,-118.5500336,34.17303848,24,0,GM,F,3,0
90899756,1,1,2018,1719,3,A,A,E,Y,M,G,N,M,1997,FORD,D,W,A,H,A,-117.8355789,34.54289246,48,1,HM,M,1,1
91006864,1,1,2019,1945,3,B,A,D,Y,M,B,A,E,1989,CHEVROLE,D,B,A,H,C,-118.2278671,33.94308853,54,0,GM,M,3,0
91026153,2,1,2019,1400,5,B,A,B,N,M,A,N,B,2012,CHEV,D,H,A,H,A,-117.9949493,34.06583405,35,0,GM,F,3,0
91037612,2,1,2019,1440,1,A,A,C,N,M,A,N,B,1997,DODG,D,H,A,H,A,-118.3475876,33.78477859,40,0,GM,M,1,0
91089094,1,1,2019,2140,3,A,A,C,Y,M,A,N,B,2014,FRHT,D,H,A,H,D,-118.156517,34.00706863,26,0,GM,M,1,0
8402185,2,1,2017,1005,1,A,A,C,N,M,A,ZZ,B,2007,FORD,D,H,A,H,A,-118.340223,34.27403091,28,0,GM,M,3,0
8419560,2,1,2017,1330,7,A,A,D,N,M,A,N,B,1982,DATSUN,D,H,A,H,A,-118.3649001,34.05830004,55,0,GM,M,1,0
8520057,1,1,2017,1715,5,A,A,C,Y,M,A,M,B,2008,FORD,D,W,A,H,A,-118.0751687,33.91015363,77,0,GL,M,1,0
8850256,2,1,2019,912,6,A,A,D,N,M,A,N,B,2018,FORD,D,A,A,H,A,-118.3028564,34.06357193,39,0,GM,F,3,0
8850256,2,2,2019,912,6,A,A,D,N,M,A,N,B,2018,FORD,D,A,A,H,A,-118.3028564,34.06357193,14,0,GM,F,4,0
8850256,2,3,2019,912,6,A,A,D,N,M,A,N,B,2018,FORD,D,A,A,H,A,-118.3028564,34.06357193,14,0,GM,F,6,0
8875999,1,1,2019,1625,5,A,A,C,Y,F,A,N,B,2007,NISSAN,D,O,A,H,A,-118.4225693,34.16856003,62,0,GL,F,1,0
8942543,1,1,2019,826,6,A,A,A,Y,F,A,F,B,2005,CHEVROLET,D,H,A,H,A,-117.9368668,34.05046082,24,0,GM,F,3,0
8987564,2,1,2019,950,4,A,A,C,N,M,A,N,A,2018,TOYOTA,D,W,A,H,A,-118.3580399,34.02550125,48,0,GM,M,1,0
8995797,2,1,2019,1500,3,A,A,D,N,M,H,N,A,2014,FORD,D,W,A,H,A,-118.2618713,33.7725563,28,0,MP,M,1,0
8995797,2,2,2019,1500,3,A,A,D,N,M,H,N,A,2014,FORD,D,W,A,H,A,-118.2618713,33.7725563,64,0,MP,M,3,0
90437496,2,1,2017,1855,2,A,A,D,N,M,A,N,B,2017,FORD,D,H,A,H,A,-118.29638,33.92023007,31,0,GM,M,1,0
90600479,1,1,2017,1005,4,A,A,C,Y,F,A,N,B,2004,CHEV,D,H,A,H,A,-117.9563938,34.00813931,56,0,GL,F,1,0
90672839,2,1,2018,1525,3,B,A,A,N,M,A,N,B,1997,DODGE,D,H,A,H,A,-118.0276413,33.94285965,55,0,GM,M,1,0
90692175,3,1,2017,1710,2,A,A,C,N,M,A,N,A,2001,NISSAN,D,H,A,H,D,-117.9658345,34.00746039,47,0,GM,M,1,0
90706520,2,1,2018,1515,5,A,A,C,N,M,A,N,A,2015,TOYT,D,H,A,H,A,-117.9733353,34.06856537,36,0,GM,M,1,0
90721397,1,1,2018,1740,1,A,A,D,Y,M,A,N,E,1991,FORD,D,H,A,H,A,-117.8692703,34.06467819,71,0,GP,M,1,0
90752555,1,1,2018,910,4,A,A,C,Y,F,A,G,B,2014,TOYT,D,W,A,H,A,-118.5002441,34.37132263,51,1,HL,M,4,0
90752555,1,2,2018,910,4,A,A,C,Y,F,A,G,B,2014,TOYT,D,W,A,H,A,-118.5002441,34.37132263,72,0,GL,F,1,0
90804471,1,1,2018,255,5,A,A,C,Y,M,B,A,B,2015,DODGE ,D,W,A,H,D,-118.4499283,34.32316971,31,0,GL,M,1,0
90814575,2,1,2018,1305,3,A,A,C,N,M,A,N,A,2013,TOYO,D,H,A,H,A,-118.1840286,34.01890182,60,0,GM,M,1,0
8325746,1,1,2017,1240,2,A,A,D,Y,M,A,ZZ,B,2016,FORD,D,O,A,H,A,-118.53608,34.22075004,82,0,GL,M,1,0
8325746,1,2,2017,1240,2,A,A,D,Y,M,A,ZZ,B,2016,FORD,D,O,A,H,A,-118.53608,34.22075004,52,0,GL,M,3,0
8415320,1,1,2018,1345,5,A,A,B,Y,F,H,N,B,1994,MAZDA,D,W,A,H,A,-118.2031937,34.11143112,58,0,GL,F,1,0
8525519,1,1,2017,2100,4,A,A,D,Y,M,B,A,F,2005,NISSAN,D,H,A,H,C,-118.1948722,34.04913521,46,0,GL,M,1,0
8841946,1,1,2019,1,3,A,A,C,Y,F,A,F,B,2019,NISSAN,D,B,A,H,C,-118.3570175,34.04423141,45,0,GM,M,3,0
90376878,1,1,2017,1235,3,B,A,C,N,M,A,N,H,2002,DODGE,D,B,A,H,A,-118.1928587,33.82031339,41,0,GM,M,1,0
90376878,1,2,2017,1235,3,B,A,C,N,M,A,N,H,2002,DODGE,D,B,A,H,A,-118.1928587,33.82031339,34,0,GM,M,3,0
90512074,2,1,2017,1340,4,A,A,C,N,M,A,G,A,2012,FORD,D,W,A,H,A,-118.07452,34.07252,35,0,GM,M,1,0
90712878,2,1,2018,1220,4,A,A,C,N,M,A,N,A,1997,FORD,D,H,A,H,A,-118.0790024,33.97719955,55,0,GM,M,1,0
90718035,2,1,2018,1410,5,A,A,C,N,M,A,G,A,1997,NISS,D,H,A,H,A,-118.1663895,34.03610611,43,0,GM,M,1,0
90718035,2,2,2018,1410,5,A,A,C,N,M,A,G,A,1997,NISS,D,H,A,H,A,-118.1663895,34.03610611,43,0,GM,M,3,0
90755086,1,1,2018,1830,5,A,A,C,Y,M,A,N,B,2000,CHEV,D,H,A,H,A,-118.3497467,33.88271713,38,0,GL,M,1,0
90943131,1,1,2019,817,2,A,A,C,Y,M,A,N,B,2003,TOYOTA,D,O,A,H,A,-118.1814346,33.9086113,18,0,HM,M,1,0
91140969,2,1,2019,755,5,A,A,C,N,M,A,G,H,2003,DODG,D,H,A,H,A,-118.5061493,34.32972336,66,0,GL,F,3,0
8330490,1,1,2017,1544,1,B,A,D,Y,M,A,A,B,2013,CHEVROLET,D,H,A,H,A,-117.9628401,34.08604012,37,0,GM,M,1,0
8338182,1,1,2017,1800,1,A,A,D,Y,F,A,ZZ,F,2003,NISSAN,D,H,A,H,A,-118.46773,34.23365084,55,0,GL,F,1,3
8347018,2,1,2017,830,5,C,A,D,N,F,A,N,B,1996,TOYOTA,D,H,B,H,A,-118.0819703,33.83900888,53,0,GM,M,3,0
8429104,2,1,2017,120,6,A,A,D,N,M,A,N,B,2002,FORD,D,H,A,H,C,-118.03656,34.55818004,37,0,GL,M,1,0
8429104,2,2,2017,120,6,A,A,D,N,M,A,N,B,2002,FORD,D,H,A,H,C,-118.03656,34.55818004,35,0,GL,F,3,0
8584711,1,1,2018,1256,3,A,A,D,Y,F,A,N,B,2007,CHEVROLET,D,H,A,H,A,-118.11233,34.66776,53,0,GL,F,1,0
8584711,1,2,2018,1256,3,A,A,D,Y,F,A,N,B,2007,CHEVROLET,D,H,A,H,A,-118.11233,34.66776,24,1,GL,F,3,0
8625176,1,1,2018,1721,5,A,A,C,Y,M,A,N,B,1999,TOYOTA,D,H,A,H,A,-117.8812866,34.07527161,36,0,GL,M,2,0
90430322,2,1,2017,1550,4,A,A,C,N,F,A,N,A,2017,TOYT,D,H,A,H,A,-118.2839296,34.15280364,46,0,GM,M,3,0
90430322,2,2,2017,1550,4,A,A,C,N,F,A,N,A,2017,TOYT,D,H,A,H,A,-118.2839296,34.15280364,52,0,GM,F,1,0
90643629,3,1,2018,1240,2,A,A,C,N,M,A,N,B,1995,CHEV,D,H,A,H,A,-117.9696274,34.56502914,51,0,GL,M,1,0
90656518,2,1,2018,1750,4,A,A,D,N,M,A,N,B,2000,NISS,D,H,A,H,B,-118.4560165,34.41638184,20,0,GM,M,1,0
90696181,3,1,2018,830,4,C,A,B,N,M,A,N,B,2017,FORD,D,W,B,H,A,-118.2672729,34.23155594,40,0,GL,M,1,0
8582821,1,1,2018,1239,3,A,A,D,Y,M,A,N,E,2007,FORD,D,H,A,H,A,-118.0466385,33.89610672,4,0,PQ,F,6,0
8646275,1,1,2018,1820,4,A,A,C,Y,M,A,N,B,1991,TOYOTA,D,H,A,H,A,-118.1373596,34.06251907,58,0,GM,M,1,0
8712707,2,1,2018,1545,2,A,A,D,N,M,A,N,B,2017,DODGE,D,W,A,H,A,-118.3130112,33.91624832,56,0,GL,M,1,0
8872558,3,1,2019,2210,5,A,A,A,N,M,A,N,B,2018,FORD,D,O,A,H,C,-118.2866669,34.07629776,20,0,GL,M,1,0
8872558,3,2,2019,2210,5,A,A,A,N,M,A,N,B,2018,FORD,D,O,A,H,C,-118.2866669,34.07629776,23,0,GL,F,3,0
90398024,4,1,2017,2130,4,C,A,C,Y,M,A,N,B,1999,DODGE ,D,W,B,H,C,-118.0973329,34.52215479,48,0,GL,M,1,0
90502088,1,1,2017,1230,7,A,A,F,Y,M,A,N,M,1994,FORD,D,W,A,H,A,-118.4194392,34.44427329,51,0,GM,M,1,0
90658965,3,1,2018,1205,2,A,A,C,N,M,A,N,A,2004,FORD,D,H,A,H,A,-118.1597214,34.18717194,40,0,GM,M,1,0
90658965,3,2,2018,1205,2,A,A,C,N,M,A,N,A,2004,FORD,D,H,A,H,A,-118.1597214,34.18717194,24,0,GM,M,3,0
90672385,2,1,2018,1556,1,A,A,B,N,M,A,N,B,2006,TOYT,D,W,A,H,A,-117.6981583,34.12092972,35,0,GM,M,1,0
90859003,4,1,2018,520,2,B,A,C,N,M,A,N,A,2006,TOYO,D,H,A,H,C,-118.1359634,34.07165146,20,0,GM,M,3,0
90869930,1,1,2018,1725,1,B,A,C,Y,M,A,N,B,2002,CHEV,D,H,A,H,C,-118.1738586,33.87680435,21,0,GM,M,1,0
91105163,2,1,2019,845,3,A,A,B,N,M,A,N,B,2014,TOYOTA,D,H,A,H,A,-117.9682846,34.00801849,64,0,GM,M,3,0
8380499,2,1,2017,1545,1,A,A,D,N,M,A,N,B,2011,CHEVROLET,D,A,A,H,A,-118.2775801,34.03689006,38,0,GM,M,1,0
8380499,2,2,2017,1545,1,A,A,D,N,M,A,N,B,2011,CHEVROLET,D,A,A,H,A,-118.2775801,34.03689006,34,0,GM,M,3,0
8389264,2,1,2017,1700,5,A,A,D,N,M,A,N,B,2002,GMC,D,H,A,H,A,-118.5357101,34.04892002,37,0,GM,M,3,0
8565507,2,1,2018,1450,3,A,A,A,N,F,A,N,B,2011,DODGE,D,H,A,H,A,-118.2357178,34.11714935,53,0,GM,F,1,0
8599232,2,1,2018,1735,6,A,A,A,Y,F,A,N,B,2014,GMC,D,H,A,H,D,-118.3704529,34.16009903,50,0,GM,F,3,0
8664562,2,1,2018,1400,5,A,A,C,N,M,A,N,A,1995,CHEVROLET,D,H,A,H,A,-118.1969681,34.02602005,51,0,GM,M,1,0
8793012,1,1,2019,1705,3,A,A,A,Y,M,A,N,N,1997,DODGE,D,H,A,H,A,-118.5452042,34.22060394,21,0,GL,M,1,0
8793012,1,2,2019,1705,3,A,A,A,Y,M,A,N,N,1997,DODGE,D,H,A,H,A,-118.5452042,34.22060394,49,0,GP,M,3,0
8916646,2,1,2019,1613,6,A,A,C,N,M,A,N,A,2012,CHEVROLET,D,H,A,H,A,-118.0066757,33.94877625,44,0,GM,M,1,0
90729916,1,1,2018,530,5,B,A,E,Y,M,A,N,B,2002,CHEV,D,H,A,H,B,-118.290062,33.74869156,33,0,GM,M,1,0
91068232,2,1,2019,1108,1,A,A,C,N,F,A,N,A,2018,FORD,D,H,A,H,A,-118.1371841,33.87709045,37,0,GM,F,1,0
8553498,2,1,2018,750,5,B,A,D,N,M,A,A,I,2000,TOYOTA,D,H,A,H,A,-118.3382874,34.04859161,34,0,GL,M,1,0
8553498,2,2,2018,750,5,B,A,D,N,M,A,A,I,2000,TOYOTA,D,H,A,H,A,-118.3382874,34.04859161,40,0,GL,M,3,0
8553498,2,3,2018,750,5,B,A,D,N,M,A,A,I,2000,TOYOTA,D,H,A,H,A,-118.3382874,34.04859161,27,0,GP,M,6,0
8604561,2,1,2018,1248,4,A,A,C,N,M,A,N,A,2004,NISSAN,D,H,A,H,A,-118.2192459,34.04307938,61,0,GM,M,1,0
8629910,2,1,2018,1623,5,A,A,A,N,M,A,N,B,2002,FORD,D,H,A,H,A,-118.112389,34.674543,18,0,GL,M,1,0
8710712,3,1,2018,1430,5,A,A,B,N,F,A,N,A,2005,CHEVROLET,D,W,A,H,A,-118.4663773,34.41567993,13,0,GM,F,3,0
8710712,3,2,2018,1430,5,A,A,B,N,F,A,N,A,2005,CHEVROLET,D,W,A,H,A,-118.4663773,34.41567993,12,0,GM,F,4,0
8710712,3,3,2018,1430,5,A,A,B,N,F,A,N,A,2005,CHEVROLET,D,W,A,H,A,-118.4663773,34.41567993,13,0,GM,F,5,0
8710712,3,4,2018,1430,5,A,A,B,N,F,A,N,A,2005,CHEVROLET,D,W,A,H,A,-118.4663773,34.41567993,13,0,GM,F,6,0
8824211,1,1,2019,1259,1,B,A,D,Y,F,A,N,B,2013,CHEVROLET,D,W,B,H,A,-118.1541595,34.14574814,41,0,GL,F,1,0
8824211,1,2,2019,1259,1,B,A,D,Y,F,A,N,B,2013,CHEVROLET,D,W,B,H,A,-118.1541595,34.14574814,8,0,GP,F,4,0
8952892,2,1,2019,1955,7,A,A,C,N,M,A,N,A,1985,TOYOTA,D,H,A,H,C,-118.4399796,34.19381714,55,0,GM,M,1,0
90410569,1,1,2017,2022,6,A,A,E,Y,M,A,N,C,1994,CHEVY,D,W,A,H,C,-118.174734,34.28102992,30,0,GM,M,1,0
90411942,2,1,2017,1415,2,A,A,C,N,M,A,N,A,2017,TOYT,D,H,A,H,A,-118.2531567,33.96407664,27,0,GL,M,1,0
90472053,2,1,2017,2039,6,A,A,C,Y,M,A,N,B,2007,CHEV,D,H,A,H,D,-118.3120246,34.03722577,28,0,GL,F,3,0
90578611,2,1,2017,1600,5,A,A,C,N,M,A,G,B,1968,FORD,D,H,A,H,A,-118.1571799,34.03650008,54,0,GP,M,1,0
90578611,2,2,2017,1600,5,A,A,C,N,M,A,G,B,1968,FORD,D,H,A,H,A,-118.1571799,34.03650008,15,0,GP,F,3,0
90602897,2,1,2017,1907,4,B,A,C,N,M,A,N,A,2012,GMC,D,H,A,H,D,-118.4893578,34.27135113,35,0,GM,M,1,0
90682961,4,1,2018,1020,6,C,A,B,N,M,A,N,B,2001,FORD,D,H,B,H,A,-117.90522,33.99430084,32,0,GL,M,1,0
90732939,3,1,2018,1230,2,A,A,B,N,M,A,N,B,2008,GMC,D,H,A,H,A,-117.852211,34.11771393,28,0,GM,M,1,0
90821179,1,1,2018,600,3,B,A,C,N,M,A,A,B,2007,GMC,D,W,A,H,A,-118.0919418,33.87641525,29,0,GP,M,5,0
90821179,1,2,2018,600,3,B,A,C,N,M,A,A,B,2007,GMC,D,W,A,H,A,-118.0919418,33.87641525,22,0,GM,M,3,0
90916911,3,1,2019,630,5,A,A,C,N,M,A,N,B,1994,TOYO,D,H,A,H,B,-118.1048813,33.89952087,54,0,GM,F,3,0
90771230,2,1,2018,1230,7,A,A,C,N,M,A,N,H,2003,FORD,D,O,A,H,A,-118.0368881,33.93869019,43,0,GM,M,1,0
90771230,2,2,2018,1230,7,A,A,C,N,M,A,N,H,2003,FORD,D,O,A,H,A,-118.0368881,33.93869019,41,0,GM,M,3,0
90758071,2,1,2018,2120,6,A,A,C,N,M,A,N,H,2017,CHEV,D,H,A,H,D,-118.4388885,34.03768539,59,0,GM,M,1,0
8568460,2,1,2018,750,5,A,A,A,N,M,A,N,B,1998,TOYOTA,D,H,A,H,A,-118.2916489,34.06904984,22,0,GM,M,4,0
8568460,2,2,2018,750,5,A,A,A,N,M,A,N,B,1998,TOYOTA,D,H,A,H,A,-118.2916489,34.06904984,42,0,GM,M,3,0
8693411,2,1,2018,1150,4,A,A,D,N,M,A,N,B,2017,DODGE,D,W,A,H,A,-118.4301834,34.17213058,28,0,GM,M,1,0
90429694,1,1,2017,1115,4,A,A,B,Y,M,A,N,J,2004,TOYT,D,H,A,H,A,-118.2797535,33.94390711,42,0,GM,M,3,0
90700238,2,1,2018,1700,2,A,A,C,N,M,A,N,A,2006,CHEV,D,W,A,H,A,-118.4791412,34.12173843,28,0,GM,M,1,0
8296130,2,1,2017,1230,3,A,A,B,Y,M,A,N,B,1969,GMC,D,B,A,H,A,-118.2036332,33.88870749,41,0,GM,M,3,0
8429983,2,1,2017,835,5,A,A,C,N,M,A,N,H,2011,TOYOTA,D,H,A,H,A,-118.2552883,33.80838205,38,0,GM,M,1,0
8429983,2,2,2017,835,5,A,A,C,N,M,A,N,H,2011,TOYOTA,D,H,A,H,A,-118.2552883,33.80838205,29,0,GM,M,3,0
8627870,3,1,2018,1914,1,A,A,A,N,M,A,N,B,1996,CHEVROLET,D,W,A,H,A,-118.0070801,33.89877701,44,0,GL,M,1,0
8729089,1,1,2018,503,1,B,A,B,Y,M,B,N,B,2005,CHEVROLET,D,H,A,H,C,-117.8726196,34.08626175,22,0,GM,M,3,0
8823620,2,1,2019,720,2,A,A,B,N,M,A,N,B,1997,TOYOTA,D,W,A,H,A,-117.8486328,34.04411316,18,0,GL,F,1,0
8883831,1,1,2019,1200,6,A,A,D,Y,M,A,N,E,2018,CHEVROLET,D,H,A,H,A,-118.2652664,34.00917816,36,0,GL,F,3,0
8883831,1,2,2019,1200,6,A,A,D,Y,M,A,N,E,2018,CHEVROLET,D,H,A,H,A,-118.2652664,34.00917816,10,0,GM,M,4,0
8937997,2,1,2019,458,4,A,A,D,N,M,A,N,B,2008,DODGE,D,H,A,H,C,-117.8813095,34.07897949,60,0,GM,M,1,0
90383963,2,1,2017,1755,1,B,A,C,Y,M,A,N,B,2014,TOYOTA,D,A,B,H,C,-118.2447405,34.05844567,72,0,GM,M,1,0
90729655,2,1,2018,855,1,A,A,C,N,M,A,N,A,1998,GMC,D,H,A,H,A,-118.2560196,34.15641785,58,0,GM,M,1,0
90729655,2,2,2018,855,1,A,A,C,N,M,A,N,A,1998,GMC,D,H,A,H,A,-118.2560196,34.15641785,55,0,GM,M,0,0
8285804,1,1,2017,15,5,A,A,A,Y,M,A,N,N,2016,GMC,D,B,A,H,C,-118.3615326,34.16012723,36,0,GL,M,1,0
8285804,1,2,2017,15,5,A,A,A,Y,M,A,N,N,2016,GMC,D,B,A,H,C,-118.3615326,34.16012723,35,0,GL,F,3,0
8356707,1,1,2017,908,2,A,A,D,Y,M,A,N,E,2010,FORD,D,H,A,H,A,-118.1813901,33.93886007,73,0,GM,M,1,0
8525141,1,1,2017,724,1,A,A,D,Y,M,A,N,E,1996,CHEVROLET,D,H,A,H,A,-117.8989701,34.08633003,47,0,GM,M,1,0
8532266,2,1,2018,1259,3,A,A,D,N,M,A,N,B,2011,DODGE,D,W,A,H,A,-118.0827484,34.53770828,61,0,GL,M,1,0
8602129,2,1,2018,1205,4,A,A,B,N,M,A,N,B,1997,DODGE,D,H,A,D,A,-118.3309784,33.9893074,42,0,GM,M,1,0
8628211,2,1,2018,2205,2,A,A,D,N,M,A,N,B,2003,FORD,D,H,A,H,C,-118.5120773,34.19387054,29,0,GL,M,1,0
8720039,1,1,2018,1909,4,A,A,D,Y,M,A,ZZ,E,2003,TOYOTA,D,H,A,H,C,-118.0199738,34.09146881,68,0,GM,M,1,0
8823642,2,1,2019,720,2,A,A,B,N,M,A,N,A,2008,FORD,D,W,A,H,A,-117.9814301,34.10109329,46,0,GM,M,1,0
90496848,2,1,2017,355,2,A,A,C,N,M,A,N,B,1998,DODG,D,H,A,H,C,-118.2170013,33.86196309,52,0,GL,M,1,0