case_id,party_number,victim_number,accident_year,collision_time,day_of_week,weather_1,primary_coll_factor,type_of_collision,at_fault,party_sex,party_soberiety,oaf_1,move_pre_acc,vehicle_year,vehicle_make,stwd_vehicle_type,race,road_surface,road_cond_1,lighting,point_x,point_y,victim_age,severe_injury,safety_equip_used,victim_sex,victim_seating_postion,victim_ejected
8330604,2,1,2017,1230,3,A,A,D,N,M,A,N,E,2008,FORD,D,H,A,H,A,-118.2371001,34.10221012,44,0,GM,M,1,0
8367168,1,1,2017,1740,6,A,A,D,Y,M,A,N,B,1998,DODGE,D,H,A,H,A,-118.21001,34.01799006,38,0,GM,M,3,0
8381611,1,1,2017,1505,2,A,A,B,Y,M,A,N,E,2002,NISSAN,D,H,A,H,A,-118.1640677,33.97153991,22,0,GM,M,1,0
8381611,1,2,2017,1505,2,A,A,B,Y,M,A,N,E,2002,NISSAN,D,H,A,H,A,-118.1640677,33.97153991,19,0,GM,F,3,0
8604613,1,1,2018,1115,6,A,A,D,Y,M,A,N,E,2007,TOYOTA,D,H,A,H,A,-118.4627304,34.40399933,61,0,GL,M,1,0
8658491,2,1,2018,1030,1,A,A,B,N,M,A,N,A,1998,NISSAN,D,H,A,H,A,-118.2826691,33.98323441,73,0,GM,M,1,0
8658491,2,2,2018,1030,1,A,A,B,N,M,A,N,A,1998,NISSAN,D,H,A,H,A,-118.2826691,33.98323441,70,0,GM,F,3,0
8714476,2,1,2018,1335,6,A,A,D,N,F,A,N,B,2003,TOYOTA,D,W,A,H,A,-118.5754318,34.22018814,84,0,GM,F,1,0
8775313,1,1,2018,1620,7,A,A,B,Y,F,A,N,J,2009,CHEVROLET,D,W,A,H,C,-118.2318802,34.02593613,25,0,GM,M,3,0
8808097,2,1,2019,2158,5,A,A,D,N,M,G,N,E,2002,TOYOTA,D,H,A,H,C,-118.5709534,34.17097855,51,1,GL,M,1,0
8946805,3,1,2019,755,3,A,A,C,N,M,A,N,A,1996,TOYOTA,D,H,A,H,A,-118.1150589,34.15788269,25,0,GM,M,1,0
90384473,1,1,2017,2005,6,A,A,C,N,F,A,N,A,2003,GMC,D,B,A,H,C,-118.2806237,33.98559023,49,0,GP,M,6,0
90389742,1,1,2017,800,4,A,A,C,Y,M,A,N,B,2009,MAZD,D,O,A,H,A,-118.2068772,33.82057959,65,0,GL,M,1,0
90740755,2,1,2018,2135,7,A,A,B,N,M,A,N,B,2014,CHEV,D,W,A,H,C,-118.4955139,34.16712952,23,0,GM,F,3,0
90781469,2,1,2018,1110,1,A,A,C,N,M,A,N,B,2008,GMC,D,A,A,H,A,-118.6760254,34.15016556,52,0,GM,M,1,0
90781469,2,2,2018,1110,1,A,A,C,N,M,A,N,B,2008,GMC,D,A,A,H,A,-118.6760254,34.15016556,47,0,GM,M,3,0
90796512,1,1,2018,1928,6,A,A,E,Y,M,B,A,R,2001,TOYT,D,H,A,H,B,-118.1976318,33.86549759,36,0,GL,M,1,0
90812935,2,1,2018,822,3,B,A,C,N,M,A,N,H,2001,GMC,D,W,A,H,A,-118.3275681,34.15327454,59,0,GM,M,1,0
90898466,1,1,2018,1740,5,A,A,C,Y,M,A,N,B,2004,NISS,D,H,A,H,B,-118.2543335,33.92790222,25,0,GL,M,1,0
90906222,2,1,2019,2010,2,C,A,B,N,M,A,N,B,2014,FORD,D,W,B,H,D,-118.1146545,34.15257263,44,0,GL,M,1,0
90924829,2,1,2019,835,3,A,A,C,N,M,A,N,A,2008,FORD,D,B,A,H,A,-118.4734192,34.21136093,33,0,GM,M,1,0
91015388,1,1,2019,1445,5,A,A,C,Y,F,A,N,B,2009,CHRYS,D,B,A,H,A,-118.3143692,33.86083603,53,0,GM,F,1,0
91153201,1,1,2019,1545,4,A,A,A,N,M,A,N,B,2003,CHEV,D,H,A,H,A,-118.2342682,33.97211075,39,0,GL,M,1,0
91153201,1,2,2019,1545,4,A,A,A,N,M,A,N,B,2003,CHEV,D,H,A,H,A,-118.2342682,33.97211075,20,0,GL,F,3,0
91153201,1,3,2019,1545,4,A,A,A,N,M,A,N,B,2003,CHEV,D,H,A,H,A,-118.2342682,33.97211075,12,0,GL,F,2,0
8293296,2,1,2017,2232,6,A,A,B,N,M,A,N,A,2012,CHEVROLET,D,W,B,H,C,-118.0911801,34.11347004,33,0,GM,M,1,0
8300773,2,1,2017,2315,5,A,A,G,N,M,A,N,B,2011,CHEVROLET,D,H,A,H,D,-118.0221015,33.9581012,12,0,GM,M,3,0
8406103,2,1,2017,1355,4,A,A,D,Y,M,A,N,L,2015,DODGE,D,W,A,H,A,-118.562125,34.37840063,56,0,GM,F,3,0
8556105,2,1,2018,450,5,A,A,D,N,M,A,ZZ,B,2008,FORD,D,H,A,H,C,-118.4378052,33.98381805,66,0,GL,M,1,0
8568658,2,1,2018,1218,2,C,A,D,N,M,A,N,B,2017,TOYOTA,D,H,B,H,A,-118.2713242,34.06709671,49,0,GM,M,3,0
8568658,2,2,2018,1218,2,C,A,D,N,M,A,N,B,2017,TOYOTA,D,H,B,H,A,-118.2713242,34.06709671,40,0,MN,M,1,0
8644497,2,1,2018,830,4,A,A,B,N,M,A,N,B,2000,TOYOTA,D,H,A,H,A,-118.2737579,33.77444077,35,0,GM,M,1,0
8679527,2,1,2018,2053,2,A,A,B,N,M,A,N,B,2002,TOYOTA,D,H,A,H,C,-118.1364212,34.68943405,20,0,GM,M,3,0
8752299,2,1,2018,1500,4,A,A,D,N,M,A,N,B,1998,TOYOTA,D,H,A,H,A,-118.5974121,34.17922974,47,0,GM,M,1,0
8767992,1,1,2018,2200,6,A,A,E,Y,M,G,N,C,2005,NISSAN,D,H,A,H,C,-117.9982605,33.96635437,34,0,GL,M,1,0
8930712,2,1,2019,1215,5,A,A,D,N,M,A,ZZ,B,2018,DODGE,D,H,A,H,A,-118.2830734,34.10543823,57,0,GL,M,1,0
9008572,2,1,2019,2230,1,A,A,D,N,F,A,N,E,2013,TOYOTA,D,W,A,H,C,-118.2915268,34.01087189,55,0,GL,F,1,0
90664105,2,1,2018,1735,6,A,A,E,N,F,A,N,B,2006,CHEV,D,H,A,H,B,-118.3805695,34.27503967,10,1,GP,M,4,0
90664105,2,2,2018,1735,6,A,A,E,N,F,A,N,B,2006,CHEV,D,H,A,H,B,-118.3805695,34.27503967,39,0,GM,F,1,0
90841767,1,1,2018,1855,1,A,A,C,Y,M,B,A,B,2004,FORD,D,H,A,H,C,-118.0974197,33.94254684,62,0,GM,M,1,0
90866825,2,1,2018,1442,1,A,A,C,N,M,A,H,A,2019,DODGE,D,H,A,H,A,-118.4788971,34.30313873,46,0,GM,M,1,0
90918545,1,1,2019,1313,6,A,A,D,Y,M,B,A,D,1993,CHEV,D,W,A,H,A,-117.7045975,34.22152328,58,0,GM,M,1,0
8356474,1,1,2017,500,2,A,B,A,Y,M,A,N,E,1994,TOYOTA,D,H,A,H,C,-118.1503114,33.97795314,71,0,GM,M,1,0
8611534,1,1,2018,1500,1,A,A,B,N,M,A,N,I,2010,CHEVROLET,D,H,A,H,A,-118.1515503,33.90264893,17,0,GM,F,3,0
8978443,1,1,2019,1111,6,A,A,C,Y,F,A,A,B,2006,TOYOTA,D,W,A,H,A,-117.8065186,34.05931854,65,0,GM,M,1,0
9015144,1,1,2019,940,3,C,A,D,Y,M,A,N,B,2000,FORD,D,H,B,F,A,-118.4952316,34.31939316,26,0,GL,M,1,0
90408788,2,1,2017,1450,2,A,A,C,N,M,A,N,H,2002,FORD,D,H,A,H,A,-118.2186965,34.07184199,35,0,GM,M,1,0
90408788,2,2,2017,1450,2,A,A,C,N,M,A,N,H,2002,FORD,D,H,A,H,A,-118.2186965,34.07184199,32,0,GM,M,3,0
90459800,2,1,2017,1835,3,B,A,C,N,M,A,N,B,2000,DODG,D,B,A,H,A,-118.4742172,34.19609,52,0,GM,M,1,0
9046513,2,1,2019,910,3,A,A,D,N,M,A,N,B,2017,FORD,D,H,A,H,A,-118.5011215,34.19390106,36,0,GL,M,3,0
90493352,1,1,2017,425,7,A,A,E,Y,M,D,A,C,1989,TOYOTA,D,B,A,H,C,-118.2063331,34.09379178,40,1,GM,M,1,0
90703971,3,1,2018,1042,2,A,A,C,Y,M,G,N,B,2006,DODGE,D,H,A,H,A,-118.2344818,34.08740616,41,0,GL,M,1,0
90748844,1,1,2018,1925,2,A,A,B,Y,M,B,A,R,2003,FORD,D,H,A,H,A,-118.1838684,34.0320015,23,0,GM,M,1,0
90788212,3,1,2018,1400,5,A,A,C,Y,M,A,N,B,2011,NISS,D,H,A,H,A,-117.9929886,34.52106094,46,0,GM,M,1,0
90792671,2,1,2018,1550,1,A,A,C,N,M,A,N,A,2006,NISS,D,H,A,H,A,-118.4531708,34.05714035,40,0,GM,M,1,0
8358652,2,1,2017,1208,1,A,A,C,N,M,A,ZZ,A,2003,FORD,D,W,A,H,A,-118.1837123,34.66027,58,0,GM,M,1,0
8778222,2,1,2019,2100,7,A,A,F,Y,M,A,N,E,2018,VOLKSWAGEN,D,H,A,H,C,-118.186227,33.880229,41,0,GM,M,1,0
8956009,1,1,2019,1630,3,A,A,D,Y,M,A,N,B,2004,TOYOTA,D,H,A,H,A,-118.3020935,34.05263138,37,0,GM,M,1,0
90467366,1,1,2017,1135,1,A,A,C,Y,M,A,N,B,2010,FORD,D,W,A,H,A,-118.2174772,34.04268125,82,0,GL,M,1,0
90495011,2,1,2017,1530,1,A,A,C,N,M,A,N,B,2000,CHEV,D,H,A,H,A,-118.298913,33.8245,24,0,GM,M,1,0
90940064,1,1,2019,1645,2,A,A,C,Y,M,A,N,B,1999,TOYT,D,W,A,H,A,-118.6004944,34.16982651,29,0,GM,M,1,0
91115555,2,1,2019,755,3,A,A,C,N,M,A,N,A,2010,TOYT,D,W,A,H,A,-118.5360031,34.17316818,64,0,GM,M,1,0
8540264,3,1,2018,735,1,A,A,A,N,M,A,N,B,2016,FORD,D,H,A,H,A,-118.1970215,34.68941879,998,0,GM,M,3,0
8584681,1,1,2018,1052,5,C,A,B,Y,M,B,A,M,2005,FORD,D,H,B,H,A,-118.0458374,33.9637146,24,0,BM,M,1,0
8724099,1,1,2018,2315,6,A,A,D,Y,M,A,N,B,2016,CHEVROLET,D,H,A,H,A,-117.7882309,34.0714798,25,0,GL,M,1,0
8832622,1,1,2019,1603,5,A,A,D,Y,M,A,N,B,1997,CHEVROLET,D,H,A,H,A,-118.1990128,33.97146606,64,0,GL,M,1,0
9010816,1,1,2019,945,6,B,A,C,Y,M,A,N,B,1995,FORD,D,H,B,H,A,-118.5929871,34.19377136,48,0,GM,M,3,0
90597668,2,1,2017,1900,5,A,A,C,N,M,A,N,B,1995,CHEV,D,H,A,H,C,-118.1595832,33.91210083,59,0,GL,M,1,0
90713303,1,1,2018,228,7,A,A,C,Y,M,B,A,B,2013,NISS,D,H,A,H,D,-117.9942169,34.06594467,26,1,GL,M,1,0
90742709,2,1,2018,1930,5,A,A,B,N,F,A,N,B,2012,FORD,D,B,A,H,A,-118.4456787,33.97314453,51,0,PP,M,9,0
90829234,2,1,2018,2040,5,A,A,C,N,M,A,N,A,2018,TOYT,D,H,A,H,C,-118.1323242,33.87661362,53,0,GM,F,3,0
91074931,2,1,2019,2330,6,A,A,C,N,M,A,N,H,2004,TOYO,D,H,A,D,D,-118.6118851,34.4479866,25,0,GM,F,3,0
8590334,1,1,2018,830,4,B,A,D,Y,M,G,N,B,2006,CHEVROLET,D,W,B,H,A,-118.5360184,34.18656921,56,0,GL,M,1,0
8590334,1,2,2018,830,4,B,A,D,Y,M,G,N,B,2006,CHEVROLET,D,W,B,H,A,-118.5360184,34.18656921,55,0,GL,F,3,0
8782569,2,1,2019,1515,5,A,A,D,N,M,A,N,B,2004,CHEVROLET,D,H,A,H,A,-117.75242,34.07847,50,0,GM,F,3,0
8359311,2,1,2017,2125,3,A,A,C,Y,M,A,N,B,1995,CHEVROLET,D,H,A,H,C,-118.53604,34.2013583,35,0,GM,F,1,0
8437053,2,1,2017,1714,5,B,A,D,N,M,A,N,B,1985,TOYOTA,D,H,A,H,A,-118.0430901,34.04658005,77,0,GM,M,1,0
8437053,2,2,2017,1714,5,B,A,D,N,M,A,N,B,1985,TOYOTA,D,H,A,H,A,-118.0430901,34.04658005,28,0,GM,M,3,0
8533637,2,1,2017,1800,4,A,A,A,N,M,A,N,B,2003,GMC,D,H,A,H,C,-118.2748007,33.79056116,37,0,GM,M,1,0
8864109,1,1,2019,741,1,B,A,C,Y,F,A,N,A,2008,CHEVROLET,D,H,A,H,A,-117.9808426,34.07352066,21,0,GM,F,1,0
8864109,1,2,2019,741,1,B,A,C,Y,F,A,N,A,2008,CHEVROLET,D,H,A,H,A,-117.9808426,34.07352066,17,0,CM,M,5,0
8864109,1,3,2019,741,1,B,A,C,Y,F,A,N,A,2008,CHEVROLET,D,H,A,H,A,-117.9808426,34.07352066,8,0,GM,F,6,0
8864109,1,4,2019,741,1,B,A,C,Y,F,A,N,A,2008,CHEVROLET,D,H,A,H,A,-117.9808426,34.07352066,1,0,MQ,F,6,0
91114699,1,1,2019,1429,6,A,A,B,Y,M,G,N,B,2008,YAMA,D,H,A,H,A,-117.9973907,34.08325577,22,0,PW,M,1,0
8287981,2,1,2017,1310,6,B,A,C,N,M,A,N,A,2002,CHEVROLET,D,W,A,H,A,-118.5022,34.27221458,28,0,GM,M,1,0
8331993,1,1,2017,1307,2,A,A,D,Y,F,A,N,E,2006,FORD,D,H,A,H,A,-118.1043501,33.94074,64,0,GL,F,1,0
8433436,2,1,2017,650,2,A,A,D,N,M,A,N,B,2016,TOYOTA,D,W,A,H,A,-118.42254,34.20120004,49,0,GL,M,1,0
8488125,1,1,2017,1405,3,A,A,D,Y,M,H,N,B,1998,FORD,D,H,A,H,A,-118.44099,34.30085011,70,0,GM,F,9,0
8706876,1,1,2018,1825,7,A,A,B,Y,M,H,F,L,2018,NISSAN,D,H,A,H,A,-118.282608,33.93743134,998,0,GM,M,3,0
8706876,1,2,2018,1825,7,A,A,B,Y,M,H,F,L,2018,NISSAN,D,H,A,H,A,-118.282608,33.93743134,23,0,GM,M,1,0
90427053,1,1,2017,100,6,A,A,E,Y,M,A,K,B,2004,CHEV,D,B,A,H,C,-118.285,33.8726,51,0,GM,M,1,0
90563475,1,1,2017,450,1,A,A,E,Y,M,B,A,R,2007,GMC,D,H,A,H,B,-118.4724443,34.32323538,34,1,GL,M,1,0
90590358,2,1,2017,1715,1,A,A,D,N,M,A,N,B,2006,TOYO,D,H,A,H,A,-117.92738,34.0264701,58,0,GL,F,3,0
90609465,2,1,2017,1650,2,A,A,B,N,M,A,N,B,2015,FORD,D,H,A,H,D,-118.1669224,34.27816173,37,0,GL,M,1,0
90622730,1,1,2017,340,7,A,A,C,Y,M,A,N,B,2009,FORD,D,H,A,H,C,-118.09694,33.86059389,72,0,GL,M,1,0
90640844,1,1,2018,225,1,C,A,E,Y,M,A,N,C,2001,FORD,D,H,B,H,C,-118.0983734,33.93806839,27,0,HM,M,1,0
90746904,1,1,2018,1027,3,B,A,C,Y,M,A,N,B,2006,TOYT,D,O,A,H,A,-118.4753723,34.08821869,30,0,GM,M,1,0
90864178,3,1,2018,1655,3,A,A,D,N,M,A,N,A,2017,FORD,D,H,A,H,A,-118.4673386,34.15179062,55,0,GL,M,1,0
90864178,3,2,2018,1655,3,A,A,D,N,M,A,N,A,2017,FORD,D,H,A,H,A,-118.4673386,34.15179062,19,0,GL,M,3,0
90864178,3,3,2018,1655,3,A,A,D,N,M,A,N,A,2017,FORD,D,H,A,H,A,-118.4673386,34.15179062,25,0,GL,M,6,0
90890495,1,1,2018,1140,5,A,A,C,Y,M,A,N,B,2006,FORD,D,H,A,E,A,-117.9373932,34.07233429,39,0,GM,M,1,0
90994034,2,1,2019,1350,6,B,A,C,N,F,A,N,B,2014,FORD,D,H,A,H,A,-117.895752,34.12108994,46,0,GM,F,1,0
8367046,2,1,2017,1115,3,A,A,C,N,M,A,N,B,2002,TOYOTA,D,A,A,H,A,-118.0905101,34.06264002,77,0,GM,M,1,0
8482738,1,1,2017,1010,4,A,A,C,Y,F,A,N,B,2001,CHEVROLET,D,H,A,H,A,-118.4618595,34.20847,23,0,GM,F,3,0
8482738,1,2,2017,1010,4,A,A,C,Y,F,A,N,B,2001,CHEVROLET,D,H,A,H,A,-118.4618595,34.20847,4,0,MQ,M,5,0
8611546,2,1,2018,1630,2,A,A,D,N,M,A,N,B,2004,FORD,D,H,A,H,A,-118.1316757,33.89670944,42,0,GL,F,3,0
8611546,2,2,2018,1630,2,A,A,D,N,M,A,N,B,2004,FORD,D,H,A,H,A,-118.1316757,33.89670944,2,0,PQ,M,5,0
8611546,2,3,2018,1630,2,A,A,D,N,M,A,N,B,2004,FORD,D,H,A,H,A,-118.1316757,33.89670944,11,0,GP,M,4,0
8611546,2,4,2018,1630,2,A,A,D,N,M,A,N,B,2004,FORD,D,H,A,H,A,-118.1316757,33.89670944,10,0,GP,M,6,0
8764255,1,1,2018,1345,3,A,A,C,Y,M,A,N,E,2003,FORD,D,O,A,H,A,-118.3442154,34.04277039,19,0,HL,M,1,0
90408436,3,1,2017,1750,2,A,A,C,N,M,A,N,A,2001,GMC,D,H,A,H,B,-117.7663132,34.07121783,44,0,GM,M,1,0
90429709,2,1,2017,1655,1,B,A,C,N,M,A,N,A,2006,CHEV,D,H,A,D,A,-117.956889,34.07081802,23,0,GM,M,1,0
90549984,2,1,2017,550,1,B,A,C,N,M,A,N,H,2010,CHEV,D,B,A,H,D,-118.1470497,34.48578106,54,0,GM,M,1,0
90568177,2,1,2017,1720,6,A,A,D,N,M,G,N,B,2006,CHEV,D,H,A,H,B,-118.07079,33.96119,20,0,GL,F,3,0
90568177,2,2,2017,1720,6,A,A,D,N,M,G,N,B,2006,CHEV,D,H,A,H,B,-118.07079,33.96119,27,0,GL,M,2,0
90700146,1,1,2018,1410,4,A,A,F,Y,M,A,N,R,2000,FORD,D,H,A,H,A,-118.170639,34.74942017,59,1,GM,M,1,0
90700146,1,2,2018,1410,4,A,A,F,Y,M,A,N,R,2000,FORD,D,H,A,H,A,-118.170639,34.74942017,59,1,GM,F,3,0
90728735,2,1,2018,1955,3,B,A,C,N,M,A,N,J,2001,NISSAN,D,A,A,H,C,-117.9077759,33.98151016,64,0,GM,M,1,0
90935417,2,1,2019,710,2,B,A,C,N,M,A,N,A,2002,CHEV,D,O,A,H,A,-117.8040314,34.03913116,38,0,GM,M,1,0
8335115,2,1,2017,1811,1,A,A,D,N,F,A,N,B,2006,NISSAN,D,H,A,H,A,-118.5360501,34.20841001,57,0,GM,M,3,0
8335115,2,2,2017,1811,1,A,A,D,N,F,A,N,B,2006,NISSAN,D,H,A,H,A,-118.5360501,34.20841001,31,0,GM,F,1,0
8335115,2,3,2017,1811,1,A,A,D,N,F,A,N,B,2006,NISSAN,D,H,A,H,A,-118.5360501,34.20841001,1,0,MQ,F,6,0
8373015,2,1,2017,830,1,A,A,C,N,M,A,N,H,2016,GMC,D,W,A,H,A,-118.5039716,34.33513406,70,0,GM,M,1,0
8556063,2,1,2018,1704,2,A,A,D,N,F,A,N,E,2008,FORD,D,H,A,H,C,-118.0449524,34.55371094,35,0,GM,F,1,0
8556063,2,2,2018,1704,2,A,A,D,N,F,A,N,E,2008,FORD,D,H,A,H,C,-118.0449524,34.55371094,8,0,GM,F,2,0
8556063,2,4,2018,1704,2,A,A,D,N,F,A,N,E,2008,FORD,D,H,A,H,C,-118.0449524,34.55371094,0,0,GM,M,4,0
8556063,2,6,2018,1704,2,A,A,D,N,F,A,N,E,2008,FORD,D,H,A,H,C,-118.0449524,34.55371094,12,0,GM,M,6,0
8563510,1,1,2018,1120,4,A,A,D,Y,M,A,N,B,1986,NISSAN,D,H,A,H,A,-118.6146011,34.17557144,72,0,GM,M,1,0
8563510,1,2,2018,1120,4,A,A,D,Y,M,A,N,B,1986,NISSAN,D,H,A,H,A,-118.6146011,34.17557144,64,0,GM,M,3,0
8701795,1,1,2018,1800,3,A,A,G,N,F,A,N,B,2000,FORD,D,H,A,H,A,-118.2686157,33.77499008,15,0,GL,M,2,3
8828500,2,1,2019,1721,2,A,A,D,N,M,A,N,B,2002,FORD,D,W,A,H,A,-118.1253281,33.80607986,34,0,GL,M,1,0
9025132,2,1,2019,345,7,A,A,D,N,M,A,N,B,1990,MAZDA,D,H,A,H,A,-118.3067703,33.98236847,24,0,CM,M,1,0
90418806,3,1,2017,800,4,A,A,C,N,M,A,N,A,2008,DODG,D,H,A,H,A,-118.46723,34.26605,51,0,GM,M,1,0
90503444,1,1,2017,1650,6,A,A,C,Y,M,A,N,B,2006,NISSAN,D,H,A,H,A,-118.1935749,33.87528143,30,0,GL,F,3,0
90958147,2,1,2019,1800,7,A,A,D,N,M,A,N,B,2006,TOYT,D,W,A,H,A,-118.9372864,34.04494095,18,0,GL,M,1,0
91021271,1,1,2019,825,1,B,A,C,Y,M,A,N,B,2018,FORD,D,A,A,H,A,-118.3557663,34.21854019,19,0,GM,F,4,0
91021271,1,2,2019,825,1,B,A,C,Y,M,A,N,B,2018,FORD,D,A,A,H,A,-118.3557663,34.21854019,55,0,GM,F,3,0
91021271,1,3,2019,825,1,B,A,C,Y,M,A,N,B,2018,FORD,D,A,A,H,A,-118.3557663,34.21854019,45,0,GM,M,6,0
8726586,1,1,2018,1724,4,A,A,D,Y,M,A,N,E,2005,FORD,D,W,A,H,B,-118.1655731,34.64575958,15,0,GM,M,3,0
8931255,2,1,2019,705,3,A,A,B,N,F,A,N,B,2019,RAM,D,W,A,H,A,-118.3965302,34.17942047,25,0,GM,M,3,0
8931255,2,2,2019,705,3,A,A,B,N,F,A,N,B,2019,RAM,D,W,A,H,A,-118.3965302,34.17942047,24,0,GM,F,1,0
8956576,3,1,2019,1550,2,A,A,B,N,M,A,N,B,2000,CHEVROLET,D,H,A,H,A,-118.1428146,33.89658737,28,0,GL,M,1,0
8991226,1,1,2019,1530,1,A,A,D,Y,M,A,N,E,2006,TOYOTA,D,O,A,H,A,-118.2870636,33.96004868,59,0,GL,M,1,0
90378311,2,1,2017,1520,4,B,A,D,N,M,A,N,B,2005,TOYT,D,W,B,H,A,-118.2822651,33.74926066,48,0,GM,M,1,0
90426903,1,1,2017,1228,5,A,A,C,Y,M,A,N,B,2003,NISS,D,H,A,H,A,-118.4711181,34.16244228,47,0,GL,M,1,0
90644439,1,1,2018,1110,7,A,A,E,Y,M,D,N,M,1996,TOYT,D,H,A,H,A,-117.9837036,34.53312302,55,1,HL,M,1,0
90658263,2,1,2018,1050,5,A,A,C,N,M,A,N,A,2017,TOYO,D,W,A,H,A,-118.2015076,33.8247261,42,0,GM,M,1,0
90683627,2,1,2018,1710,2,A,A,C,N,M,G,N,H,2007,CHEV,D,H,A,H,A,-118.4734573,34.13035965,37,0,GM,M,1,0
90709832,2,1,2018,1505,4,A,A,C,N,M,A,N,H,2001,CHEV,D,B,A,H,A,-118.2695999,33.91867828,52,0,GM,M,1,0
90745913,2,1,2018,600,2,A,A,C,N,M,A,N,H,1998,FORD,D,H,A,H,A,-118.0732269,34.14822388,43,0,GM,M,1,0
90880878,1,1,2018,2240,6,A,A,F,Y,M,B,A,L,2017,DODG,D,H,A,H,C,-118.3755264,34.28760529,24,0,GL,M,1,0
90951932,2,1,2019,1725,1,A,A,D,N,M,A,N,B,1992,CHEV,D,B,A,H,A,-118.2696533,33.91278839,57,1,HM,M,3,1
90951932,2,2,2019,1725,1,A,A,D,N,M,A,N,B,1992,CHEV,D,B,A,H,A,-118.2696533,33.91278839,58,0,GM,M,1,0
90953970,1,1,2019,510,4,A,A,E,Y,M,A,N,M,1994,TOYT,D,H,A,H,D,-118.0847702,34.41463089,33,0,GP,M,1,0
8332186,1,1,2017,1831,6,A,A,D,N,M,H,N,B,1999,FORD,D,H,A,H,A,-118.09457,34.66786009,47,0,GM,M,3,0
8607701,2,1,2018,700,3,E,A,C,N,M,A,N,B,2000,FORD,D,H,A,H,A,-118.4752197,34.19390869,31,0,GL,M,1,0
8696366,1,1,2018,1225,5,A,A,E,Y,M,A,N,D,2001,FORD,D,H,A,H,A,-118.0686188,33.99651718,47,0,GL,M,1,0
8727947,1,1,2018,1505,2,A,A,D,Y,M,A,N,E,2005,NISSAN,D,H,A,H,A,-118.3877792,34.16489029,55,0,GM,M,3,0
8805289,1,1,2019,1326,1,B,A,F,Y,F,A,A,B,2018,CHEVROLET,D,H,A,H,A,-118.1699753,34.71577454,39,0,GL,F,1,0
8805289,1,2,2019,1326,1,B,A,F,Y,F,A,A,B,2018,CHEVROLET,D,H,A,H,A,-118.1699753,34.71577454,38,0,GL,M,3,0
8805289,2,1,2019,1326,1,B,A,F,N,M,A,N,E,2003,TOYOTA,D,W,A,H,A,-118.1699753,34.71577454,56,0,GM,M,1,0
8829489,2,1,2019,1540,5,A,A,D,N,M,A,N,B,2010,CHEVROLET,D,H,A,H,A,-118.5329437,34.22077179,35,0,GL,M,1,0
8829489,2,2,2019,1540,5,A,A,D,N,M,A,N,B,2010,CHEVROLET,D,H,A,H,A,-118.5329437,34.22077179,7,0,GM,F,4,0
8829489,2,3,2019,1540,5,A,A,D,N,M,A,N,B,2010,CHEVROLET,D,H,A,H,A,-118.5329437,34.22077179,11,0,GM,F,6,0
8873822,2,1,2019,1745,1,A,A,C,N,F,A,N,A,2008,TOYOTA,D,H,A,H,A,-118.0608139,33.95018005,52,0,GM,F,3,0
8982744,2,1,2019,1651,2,A,A,D,N,M,A,N,B,2018,FORD,D,H,A,H,B,-117.7402802,34.0262413,57,0,GM,M,1,0
90476361,1,1,2017,1210,1,A,A,E,Y,M,A,O,R,2001,CHEV,D,H,A,H,A,-117.98462,34.05891,24,0,GM,M,1,1
90639410,2,1,2018,855,5,A,A,C,N,M,A,H,A,2006,NISS,D,H,A,H,A,-118.3370209,34.15335083,72,0,GM,M,1,0
90639410,2,2,2018,855,5,A,A,C,N,M,A,H,A,2006,NISS,D,H,A,H,A,-118.3370209,34.15335083,998,0,GM,F,3,0
90810942,2,1,2018,750,1,A,A,C,N,M,A,N,H,1999,DODG,D,H,A,H,A,-118.2807465,33.99192047,35,0,GM,M,1,0
90838424,4,1,2018,1310,5,A,A,C,N,M,A,N,A,2018,DODGE,D,W,A,H,A,-118.1340103,34.58628845,18,0,GM,F,3,0
90983652,1,1,2019,1345,7,A,A,C,Y,M,A,G,B,2000,CHEV,D,H,A,H,A,-118.186203,33.91474915,35,0,GL,F,3,0
90983652,1,2,2019,1345,7,A,A,C,Y,M,A,G,B,2000,CHEV,D,H,A,H,A,-118.186203,33.91474915,64,0,GP,F,4,0
90983652,1,3,2019,1345,7,A,A,C,Y,M,A,G,B,2000,CHEV,D,H,A,H,A,-118.186203,33.91474915,65,0,GP,M,6,0
90983652,1,4,2019,1345,7,A,A,C,Y,M,A,G,B,2000,CHEV,D,H,A,H,A,-118.186203,33.91474915,43,0,GL,M,1,0
8453452,1,1,2017,815,6,A,A,D,Y,M,A,A,B,2006,TOYOTA,D,W,A,H,A,-118.6145701,34.18645002,50,0,GM,M,1,3
8529131,1,1,2017,1348,7,A,A,D,Y,M,A,N,B,2002,FORD,D,H,A,H,A,-118.0420801,33.97725008,13,0,GM,F,6,0
8529131,1,2,2017,1348,7,A,A,D,Y,M,A,N,B,2002,FORD,D,H,A,H,A,-118.0420801,33.97725008,9,0,GM,F,4,0
8584667,1,1,2018,1716,3,A,A,D,Y,M,A,N,B,2001,CHEVROLET,D,B,A,H,A,-118.0949097,34.67528915,35,0,GM,M,1,0