case_id,party_number,victim_number,accident_year,collision_time,day_of_week,weather_1,primary_coll_factor,type_of_collision,at_fault,party_sex,party_soberiety,oaf_1,move_pre_acc,vehicle_year,vehicle_make,stwd_vehicle_type,race,road_surface,road_cond_1,lighting,point_x,point_y,victim_age,severe_injury,safety_equip_used,victim_sex,victim_seating_postion,victim_ejected
90873659,1,1,2018,1500,5,A,A,A,Y,M,A,N,E,2000,CHEV,D,H,A,H,A,-117.9253769,34.10694122,39,0,GN,F,3,0
8381603,2,1,2017,1455,3,A,A,C,N,M,A,N,A,2010,TOYOTA,D,H,A,H,A,-118.1595801,33.97507005,61,0,GM,F,1,0
8395082,1,1,2017,1835,3,A,A,D,Y,F,A,N,E,2008,DODGE,D,H,A,H,A,-118.46978,34.23555004,61,0,GM,F,1,0
8508979,2,1,2017,915,1,A,A,D,N,M,A,N,E,2015,TOYOTA,D,H,A,H,A,-118.24631,34.06266,53,0,GL,M,1,0
8515265,2,1,2017,1055,2,A,A,D,N,M,A,N,B,2011,FORD,D,O,A,H,A,-118.4212026,34.2652467,67,0,GM,M,1,0
8542874,2,1,2018,1140,1,B,A,D,N,M,A,N,B,2008,CHEVROLET,D,H,A,H,A,-118.3877869,34.20484161,49,0,GM,F,3,0
8599832,1,1,2018,416,4,A,A,E,Y,M,A,N,B,1987,TOYOTA,D,H,A,H,C,-118.1748428,34.69511795,33,0,GM,M,1,0
8680755,2,1,2018,2215,4,A,A,A,N,M,H,N,A,1991,FORD,D,H,A,H,C,-118.3416595,34.03255844,37,0,EM,M,1,0
8680755,2,2,2018,2215,4,A,A,A,N,M,H,N,A,1991,FORD,D,H,A,H,C,-118.3416595,34.03255844,8,0,EM,M,3,0
8694789,1,1,2018,740,2,A,A,D,Y,M,A,N,B,1995,GMC,D,B,A,H,A,-118.4193192,33.95986176,29,0,GM,F,3,0
8694789,1,2,2018,740,2,A,A,D,Y,M,A,N,B,1995,GMC,D,B,A,H,A,-118.4193192,33.95986176,43,0,GM,M,1,0
8958642,1,1,2019,1432,2,A,A,A,Y,M,A,N,E,2018,TOYOTA,D,W,A,H,A,-118.396019,34.11117172,61,0,GM,M,9,0
9004403,2,1,2019,830,3,C,A,D,N,M,A,N,E,2004,TOYOTA,D,H,B,H,A,-118.36129,33.90597153,81,0,GM,M,1,0
90546009,2,1,2017,316,7,A,A,C,N,M,A,N,H,1999,FORD,D,H,A,H,C,-118.356588,34.03385442,68,0,GM,M,1,0
90736065,4,1,2018,1300,3,A,A,C,N,M,A,A,B,2003,CHEVY,D,B,A,H,A,-118.2787781,34.02021027,29,0,GM,F,6,0
90865174,2,1,2018,957,2,A,A,C,N,M,A,N,H,2005,NISS,D,H,A,H,A,-117.9799271,34.06770706,49,0,GM,M,1,0
90911201,1,1,2019,1105,4,B,A,F,Y,M,A,H,B,2006,FORD,D,H,D,H,A,-118.0523529,34.07162857,20,0,GM,M,1,0
90964672,3,1,2019,1145,4,B,A,C,N,M,A,N,B,2012,NISS,D,H,A,H,A,-118.0553741,34.00828171,35,0,GM,M,1,0
8391955,1,1,2017,330,6,A,A,F,Y,M,B,A,B,1995,FORD,D,W,A,H,C,-118.2567659,34.68934,23,0,GM,M,1,0
8459640,1,1,2017,1149,6,A,A,C,Y,M,A,N,B,2005,TOYOTA,D,W,A,H,A,-118.145438,34.601696,44,0,GL,F,3,0
8459640,1,2,2017,1149,6,A,A,C,Y,M,A,N,B,2005,TOYOTA,D,W,A,H,A,-118.145438,34.601696,10,0,GM,M,4,0
8494593,1,1,2017,730,1,A,A,B,Y,M,A,N,B,2003,TOYOTA,D,H,A,H,A,-118.3157501,34.27228001,18,0,GL,M,3,3
8494593,1,2,2017,730,1,A,A,B,Y,M,A,N,B,2003,TOYOTA,D,H,A,H,A,-118.3157501,34.27228001,15,0,GL,M,6,3
8494593,1,3,2017,730,1,A,A,B,Y,M,A,N,B,2003,TOYOTA,D,H,A,H,A,-118.3157501,34.27228001,17,0,GL,F,4,3
8550796,2,1,2018,1404,3,A,A,C,N,M,A,N,A,2015,CHEVROLET,D,H,A,H,A,-118.0555725,33.99853516,41,0,GM,F,3,0
8550796,2,2,2018,1404,3,A,A,C,N,M,A,N,A,2015,CHEVROLET,D,H,A,H,A,-118.0555725,33.99853516,43,0,GM,M,1,0
8589037,1,1,2018,1102,5,A,A,D,Y,M,A,ZZ,E,1999,DODGE,D,W,A,H,A,-118.0656967,33.97066116,80,0,GM,M,1,0
8592847,2,1,2018,740,4,B,A,D,N,M,A,N,E,2012,NISSAN,D,H,A,H,A,-118.5025406,34.23212051,38,0,GL,M,1,0
8599404,2,1,2018,858,1,A,A,D,N,M,A,N,B,1996,NISSAN,D,H,A,H,A,-117.7278519,34.09188461,27,0,FM,M,1,3
8608868,2,1,2018,425,3,A,A,D,N,M,A,N,B,1989,DODGE,D,H,A,H,C,-118.2103806,33.95148849,60,0,GM,F,3,0
8615486,1,1,2018,1250,2,A,A,B,Y,M,A,H,L,1999,FORD,D,H,A,H,A,-118.4049835,34.10987473,23,0,GM,M,3,0
8620490,2,1,2018,745,7,A,A,D,N,M,A,N,B,2001,DODGE,D,H,A,H,A,-118.1778488,33.96923828,62,0,GM,M,1,0
8685079,2,1,2018,905,6,A,A,D,N,F,A,N,B,2009,FORD,D,W,A,H,A,-118.2904053,34.23509598,71,0,GM,F,1,0
8983113,1,1,2019,1806,2,A,A,D,N,M,A,N,B,2000,FORD,D,H,A,H,C,-118.697258,34.15245819,51,0,GL,F,3,0
8991762,1,1,2019,1329,1,A,A,A,Y,M,A,A,N,1986,GMC,D,H,A,H,A,-117.9882431,33.94701767,36,0,GL,M,1,0
90508215,2,1,2017,845,4,A,A,C,N,M,A,N,B,1997,TOYO,D,H,A,H,A,-118.03572,34.02701,22,0,GM,M,1,0
90548553,3,1,2017,824,2,A,A,C,N,M,A,N,A,2014,CHEV,D,H,A,H,A,-118.76253,34.14548,40,0,GM,M,1,0
90548553,3,2,2017,824,2,A,A,C,N,M,A,N,A,2014,CHEV,D,H,A,H,A,-118.76253,34.14548,43,0,GM,M,3,0
90687369,2,1,2018,425,6,C,A,C,N,M,A,N,A,2004,NISS,D,H,B,D,D,-117.8586121,34.06797409,40,0,GM,M,1,0
90709064,2,1,2018,1655,1,A,A,C,N,F,A,N,A,2003,FORD,D,H,A,H,A,-118.0206299,33.93012619,53,0,GM,F,1,0
8310586,3,1,2017,940,5,A,A,C,N,M,A,N,A,2006,CHEVROLET,D,H,A,H,A,-118.3057041,34.10850141,31,0,GM,M,1,0
8310586,3,2,2017,940,5,A,A,C,N,M,A,N,A,2006,CHEVROLET,D,H,A,H,A,-118.3057041,34.10850141,52,0,GM,M,3,0
8310586,3,3,2017,940,5,A,A,C,N,M,A,N,A,2006,CHEVROLET,D,H,A,H,A,-118.3057041,34.10850141,20,0,CG,M,2,0
8488103,2,1,2017,138,1,A,A,D,N,M,A,ZZ,B,2012,TOYOTA,D,H,A,H,C,-118.4144101,34.22168001,24,0,GL,M,1,0
8488103,2,2,2017,138,1,A,A,D,N,M,A,ZZ,B,2012,TOYOTA,D,H,A,H,C,-118.4144101,34.22168001,21,0,GL,M,4,0
8488103,2,3,2017,138,1,A,A,D,N,M,A,ZZ,B,2012,TOYOTA,D,H,A,H,C,-118.4144101,34.22168001,21,0,GL,F,6,0
8488103,2,4,2017,138,1,A,A,D,N,M,A,ZZ,B,2012,TOYOTA,D,H,A,H,C,-118.4144101,34.22168001,24,0,GL,F,2,0
8507486,1,1,2017,810,3,A,A,D,Y,M,A,N,B,1985,FORD,D,H,A,H,A,-118.5284301,34.19387005,19,0,GM,M,1,0
8565337,2,1,2018,1520,4,A,A,C,N,F,A,N,A,2006,CHEVROLET,D,H,A,H,A,-118.0294571,33.90708923,15,0,GM,F,3,0
8565337,2,2,2018,1520,4,A,A,C,N,F,A,N,A,2006,CHEVROLET,D,H,A,H,A,-118.0294571,33.90708923,12,0,GM,M,6,0
8627070,2,1,2018,1019,1,A,A,C,N,M,A,N,A,2015,FORD,D,H,A,H,A,-118.0669861,33.9544487,37,0,GM,F,3,0
8627070,2,2,2018,1019,1,A,A,C,N,M,A,N,A,2015,FORD,D,H,A,H,A,-118.0669861,33.9544487,38,0,GM,M,1,0
8637098,2,1,2018,1815,4,A,A,B,N,M,A,N,B,2005,DODGE,D,H,A,H,A,-118.5943069,34.20832825,40,0,GM,M,1,0
8678950,1,1,2018,1826,3,A,A,D,Y,F,A,E,B,2010,CHEVROLET,D,W,A,H,A,-118.0128632,33.94890976,31,0,GL,F,1,0
8680996,2,1,2018,1320,4,A,A,D,N,F,A,N,B,2018,FORD,D,B,A,H,A,-118.3001938,33.98913956,42,0,GL,F,1,0
8680996,2,2,2018,1320,4,A,A,D,N,F,A,N,B,2018,FORD,D,B,A,H,A,-118.3001938,33.98913956,22,0,GL,F,3,0
8906954,2,1,2019,1517,2,A,A,B,N,M,A,N,B,2005,TOYOTA,D,H,A,H,A,-118.4013138,34.05968094,40,0,GM,M,9,0
90390961,1,1,2017,125,3,C,A,E,Y,M,G,N,M,1997,GMC,D,H,B,H,C,-118.0691331,33.96464619,35,1,HM,M,3,0
90569939,2,1,2017,1730,5,A,A,C,N,M,A,N,A,1990,TOYO,D,H,A,H,B,-118.2875187,33.82747019,35,0,GM,M,3,0
90569939,2,2,2017,1730,5,A,A,C,N,M,A,N,A,1990,TOYO,D,H,A,H,B,-118.2875187,33.82747019,59,0,GM,M,1,0
91014923,2,1,2019,1235,2,A,A,C,N,M,A,N,A,2019,FORD,D,W,A,H,A,-118.0773697,33.97936249,42,0,GM,M,1,0
8321924,2,1,2017,901,1,B,A,D,N,M,A,N,B,2016,DODGE,D,W,A,H,A,-118.0134404,33.94865179,23,0,GL,M,1,0
8463857,1,1,2017,1830,6,A,A,C,N,M,C,E,B,2005,NISSAN,D,H,A,H,A,-118.0342553,34.55032908,53,0,GM,M,1,0
8608635,2,1,2018,755,1,A,A,C,N,M,A,N,A,1995,GMC,D,H,A,H,A,-118.1981049,34.03450775,13,0,GM,M,3,0
8621524,1,1,2018,1223,1,A,A,B,Y,M,A,N,B,1995,NISSAN,D,H,A,H,A,-118.1476974,34.64942932,75,0,GM,M,1,0
8755289,2,1,2018,2100,5,A,A,A,N,M,A,N,E,2015,FORD,D,H,A,H,C,-118.151329,33.88198853,38,0,GM,M,2,0
90576933,2,1,2017,545,1,A,A,C,N,M,A,N,B,2000,FORD,D,H,A,H,C,-118.203274,34.49094309,29,0,GL,M,1,0
90576933,2,2,2017,545,1,A,A,C,N,M,A,N,B,2000,FORD,D,H,A,H,C,-118.203274,34.49094309,35,0,GL,M,3,0
90584434,1,1,2017,755,4,A,A,A,Y,M,A,A,D,1968,CHEV,D,W,A,H,A,-118.5688201,34.38017007,62,0,JP,M,1,0
90725395,1,1,2018,945,5,A,A,C,Y,M,A,N,B,2002,DODG,D,H,A,H,A,-118.2345886,33.97388458,51,0,GL,M,1,0
90881748,1,1,2018,1755,6,B,A,A,Y,F,A,N,E,2013,TOYO,D,W,A,H,C,-118.1655731,34.64575958,80,0,GL,F,1,0
90881748,1,2,2018,1755,6,B,A,A,Y,F,A,N,E,2013,TOYO,D,W,A,H,C,-118.1655731,34.64575958,82,0,GL,M,3,0
8731142,1,1,2018,1514,4,A,A,D,Y,M,A,N,B,2000,CHEVROLET,D,H,A,H,A,-118.1257477,33.95141983,69,0,GM,M,1,0
8825192,1,1,2019,750,2,B,A,D,Y,M,A,N,E,2015,CHEVROLET,D,W,A,H,A,-118.1548843,34.66036987,15,0,GM,F,3,0
8885085,2,1,2019,1450,1,A,A,B,N,M,A,N,B,1998,TOYOTA,D,H,A,H,A,-118.38797,34.25023651,47,0,GL,M,1,0
8922066,2,1,2019,800,6,A,A,B,N,M,A,N,B,2018,TOYOTA,D,H,A,H,A,-118.2564316,33.96792603,14,0,GM,M,3,0
8994972,2,1,2019,404,4,A,A,C,N,M,A,N,A,1965,CHEVROLET,D,H,A,H,C,-118.0727234,33.93527985,41,0,AP,M,1,0
90385397,4,1,2017,730,5,A,A,C,N,M,A,H,A,2000,CHEV,D,W,A,H,A,-117.73197,34.02456,32,0,GM,F,3,0
90521831,1,1,2017,810,2,A,A,C,Y,M,A,N,B,2011,NIS,D,H,A,H,A,-118.5445141,34.27422097,34,0,GL,M,1,0
90709974,1,1,2018,1810,6,A,A,E,Y,M,A,N,M,2001,CHEV,D,W,A,H,A,-118.3769379,34.57595062,63,1,GM,M,1,0
90728296,1,1,2018,910,4,A,A,D,Y,F,A,N,B,2001,TOYT,D,A,A,H,A,-117.9940109,34.03335953,29,0,GM,F,1,0
90790505,1,1,2018,1445,7,A,A,D,N,F,A,N,B,2016,NISSAN,D,W,A,H,A,-117.8340683,34.47584152,49,0,GL,F,1,0
91125291,1,1,2019,1755,7,A,A,F,Y,M,B,N,M,2005,NISSAN,D,H,A,H,D,-117.8591919,34.57994461,47,0,GM,M,1,0
8499583,2,1,2017,1515,2,A,A,A,N,M,A,N,B,2013,TOYOTA,D,H,A,H,A,-118.3431241,33.97176072,44,0,BL,M,1,0
8741634,2,1,2018,1126,7,B,A,D,N,M,A,N,B,2003,DODGE,D,H,A,H,A,-118.1884766,33.94916916,3,0,MQ,F,4,3
8763134,1,1,2018,1613,5,A,A,F,Y,M,A,A,E,2004,TOYOTA,D,H,A,H,A,-118.2958069,34.04727173,43,0,GM,M,1,0
8917502,1,1,2019,552,6,A,A,B,Y,F,A,N,B,1997,DODGE,D,H,A,H,A,-117.7182388,34.07781219,40,0,GL,F,1,0
8982295,2,1,2018,1830,2,A,A,B,N,M,A,N,B,2004,TOYOTA,D,H,A,H,A,-118.2827377,34.01113129,63,0,GM,M,1,0
9014220,1,1,2019,1010,2,A,A,D,Y,M,A,N,F,1988,MAZDA,D,H,A,H,A,-118.4458923,34.21979141,40,0,FM,M,1,0
90416118,2,1,2017,1720,6,A,A,C,N,M,A,N,H,2016,FORD,D,A,A,H,A,-118.2682685,34.49733846,26,0,GM,F,4,0
90416118,2,2,2017,1720,6,A,A,C,N,M,A,N,H,2016,FORD,D,A,A,H,A,-118.2682685,34.49733846,23,0,GM,F,6,0
90957269,2,1,2019,1500,4,A,A,A,N,F,A,N,B,2001,FORD,D,W,A,H,A,-118.2347183,34.5980072,39,0,GL,F,1,0
8520709,1,1,2017,1415,2,A,A,D,Y,M,A,N,E,2004,ISUZU,D,H,A,H,A,-118.24359,34.0557601,44,0,GM,M,9,0
8716390,1,1,2018,1829,1,A,A,D,Y,M,A,N,B,2001,FORD,D,H,A,H,A,-117.9441681,34.02809143,27,0,GL,F,3,0
8729681,1,1,2018,1120,7,A,A,D,Y,M,A,N,L,2001,FORD,D,H,A,H,A,-118.2910614,33.90189743,9,0,GL,M,3,0
8865771,1,1,2019,1845,4,A,A,C,Y,F,G,N,B,2012,TOYOTA,D,H,A,H,A,-118.1389389,34.13585281,53,0,BM,F,1,0
8912029,1,1,2019,1535,2,A,A,D,N,M,A,N,L,2004,CHEVROLET,D,H,A,H,A,-118.453598,34.21241379,34,0,GM,M,1,0
8912029,1,2,2019,1535,2,A,A,D,N,M,A,N,L,2004,CHEVROLET,D,H,A,H,A,-118.453598,34.21241379,56,0,GM,M,3,0
90486609,2,1,2017,2325,4,A,A,C,N,M,A,N,H,2006,TOYO,D,H,A,H,C,-118.4565993,34.26602219,52,0,GM,M,1,0
90486609,2,2,2017,2325,4,A,A,C,N,M,A,N,H,2006,TOYO,D,H,A,H,C,-118.4565993,34.26602219,47,0,GM,F,3,0
90489191,2,1,2017,1112,7,A,A,C,N,M,A,N,A,2002,TOYOTA,D,H,A,H,A,-118.3526905,33.94181,40,0,GM,M,1,0
90579588,2,1,2017,1135,5,A,A,D,N,F,A,N,B,1996,FORD,D,H,A,H,A,-118.0704329,33.97312615,79,0,GL,F,1,0
9076316,4,1,2019,1545,2,A,A,C,N,F,A,N,K,2002,TOYOTA,D,H,A,H,A,-118.2626801,34.00389481,18,0,GM,M,3,0
9076316,4,2,2019,1545,2,A,A,C,N,F,A,N,K,2002,TOYOTA,D,H,A,H,A,-118.2626801,34.00389481,6,0,GM,F,4,0
9076316,4,3,2019,1545,2,A,A,C,N,F,A,N,K,2002,TOYOTA,D,H,A,H,A,-118.2626801,34.00389481,9,0,GM,F,6,0
90771641,1,1,2018,1120,7,A,A,D,N,M,A,N,B,2005,FORD,D,H,A,H,A,-118.1826935,34.02630997,21,0,GP,F,4,0
91010803,2,1,2019,1405,2,A,A,D,N,M,A,N,B,2010,FORD,D,W,A,H,A,-118.1641235,34.18315125,67,0,GM,M,1,0
91162185,1,1,2019,4,1,A,A,D,N,M,B,A,B,2016,CHEV,D,H,A,H,C,-117.9316788,33.99314117,41,0,GL,M,1,0
8446849,2,1,2017,1459,6,A,A,C,N,F,A,A,H,2015,TOYOTA,D,W,A,H,A,-118.3463423,34.09071237,56,0,GM,F,3,0
8779453,2,1,2019,2000,5,B,A,D,N,F,A,N,B,1996,TOYOTA,D,B,B,H,C,-118.1254272,34.59442902,61,0,GL,F,1,0
8779453,2,2,2019,2000,5,B,A,D,N,F,A,N,B,1996,TOYOTA,D,B,B,H,C,-118.1254272,34.59442902,64,0,GL,F,3,0
8471048,1,1,2017,1350,5,A,A,D,Y,M,A,N,E,1999,TOYOTA,D,H,A,H,A,-118.43665,34.22164004,38,0,GM,M,1,0
91025482,2,1,2019,1450,5,A,A,C,N,F,A,N,A,2013,DODG,D,W,A,H,A,-118.0099945,34.13638306,21,0,GM,F,1,0
8517207,2,1,2017,1740,4,A,A,B,N,M,A,N,B,1997,TOYOTA,D,H,A,H,C,-118.0985501,34.15442005,43,0,GM,M,1,0
8727205,1,1,2018,1941,5,A,A,B,N,F,A,N,B,1995,GMC,D,H,A,H,C,-117.7875366,34.06270981,12,0,GM,M,3,0
9027833,2,1,2019,1825,4,A,A,C,N,F,A,N,A,2011,HONDA,D,W,A,H,C,-118.3962326,33.93093872,49,0,GM,F,1,0
90774168,1,1,2018,745,4,A,A,C,Y,M,A,N,H,1991,NISS,D,H,A,H,A,-118.4374695,34.25909424,11,0,CM,M,2,0
90978143,1,1,2019,321,5,B,A,C,Y,M,A,I,B,2014,NISS,D,H,A,H,C,-118.0496368,34.03947067,46,0,GL,M,1,0
91043226,1,1,2019,900,7,A,A,E,Y,F,A,N,R,2006,FORD,D,H,A,H,A,-118.2548141,34.22668457,30,0,GL,F,1,0
8433404,2,1,2017,1605,4,A,A,C,N,M,A,N,A,2016,TOYOTA,D,H,A,H,A,-118.4936679,34.23569,55,0,GL,M,1,0
8478062,1,1,2017,1140,7,A,A,D,Y,M,A,N,B,2005,FORD,D,H,A,H,A,-118.4724101,34.20111011,43,0,GM,M,1,0
8582751,1,1,2018,1430,4,A,A,A,Y,M,C,ZZ,E,1989,FORD,D,B,A,H,A,-118.3046494,33.95999146,90,0,GM,M,3,0
8582751,1,2,2018,1430,4,A,A,A,Y,M,C,ZZ,E,1989,FORD,D,B,A,H,A,-118.3046494,33.95999146,76,0,GM,M,3,0
8625191,2,1,2018,2104,7,A,A,D,N,M,A,N,B,2006,TOYOTA,D,H,A,H,C,-117.8726501,34.09569931,45,0,GM,M,1,0
8694320,1,1,2018,1834,6,A,A,F,Y,M,B,N,B,2005,CHEVROLET,D,H,A,H,A,-118.2117233,33.84656906,998,0,GL,F,1,0
8814277,2,1,2019,1515,5,C,A,D,N,M,A,N,A,2008,CHEVROLET,D,H,B,H,A,-118.4520569,34.27753067,37,0,GM,M,1,0
90586374,1,1,2017,1148,4,A,A,C,Y,M,A,N,B,2016,NISS,D,O,A,H,A,-118.2727813,34.1242718,57,0,GL,M,1,0
90700294,3,1,2018,1630,5,A,A,C,N,M,A,N,A,2000,GMC,D,W,A,H,A,-118.6557541,34.15203476,70,0,GM,M,1,0
90723962,2,1,2018,630,4,B,A,C,N,M,A,N,H,2002,TOYOTA,D,H,A,H,A,-118.3235321,34.03596878,51,0,GM,M,1,0
90830211,3,1,2018,2310,2,A,A,C,N,M,A,N,B,2016,TOYO,D,H,A,H,D,-118.1785736,34.0188942,47,0,GL,M,1,0
90830211,3,2,2018,2310,2,A,A,C,N,M,A,N,B,2016,TOYO,D,H,A,H,D,-118.1785736,34.0188942,38,0,GL,F,3,0
90856173,2,1,2018,1455,1,A,A,C,N,M,A,N,H,2000,TOYT,D,W,A,H,A,-118.0358734,34.02811432,24,0,GM,M,1,0
8364153,1,1,2017,1115,5,A,A,B,Y,M,A,N,B,1987,FORD,D,W,A,H,A,-118.2883301,33.89258002,13,0,GM,M,3,0
8364153,1,2,2017,1115,5,A,A,B,Y,M,A,N,B,1987,FORD,D,W,A,H,A,-118.2883301,33.89258002,6,0,GM,M,6,0
8804732,2,1,2019,900,5,A,A,D,N,M,A,N,B,2018,FORD,D,W,A,H,A,-118.3587723,34.27412033,5,0,MQ,F,6,0
8947746,1,1,2019,2310,6,A,A,E,Y,M,B,A,B,2015,TOYOTA,D,H,A,H,C,-118.4866867,34.39390182,37,0,GL,M,1,0
9033696,5,1,2019,1308,6,A,A,C,N,F,A,N,A,2019,CHEVROLET,D,H,A,H,A,-118.1461105,34.60184479,32,0,GM,F,3,0
9033696,5,2,2019,1308,6,A,A,C,N,F,A,N,A,2019,CHEVROLET,D,H,A,H,A,-118.1461105,34.60184479,52,0,GM,F,1,0
9033696,5,3,2019,1308,6,A,A,C,N,F,A,N,A,2019,CHEVROLET,D,H,A,H,A,-118.1461105,34.60184479,6,0,MQ,M,5,0
90435329,2,1,2017,1035,6,A,A,E,N,M,A,N,A,2001,FORD,D,W,A,H,A,-118.4978247,34.32175327,67,0,GM,M,1,0
90435329,2,2,2017,1035,6,A,A,E,N,M,A,N,A,2001,FORD,D,W,A,H,A,-118.4978247,34.32175327,70,0,GM,F,3,0
90602397,2,1,2017,1300,1,B,A,C,N,M,A,N,B,2015,FORD,D,W,A,H,A,-118.3475247,34.45806785,48,0,GM,M,1,0
8393698,2,1,2017,1124,2,A,A,D,N,F,A,N,B,1984,NISSAN,D,H,A,H,A,-117.7598349,34.11166535,88,0,GP,F,1,0
8432621,1,1,2017,1700,4,A,A,F,Y,M,A,N,B,1974,CHEVROLET,D,H,A,H,A,-118.2595904,34.08380923,46,0,GM,M,1,0
8459850,1,1,2017,257,6,A,A,D,Y,M,A,N,B,2016,JEEP,D,W,A,H,C,-117.74158,34.06258011,24,0,GL,M,1,0
8575890,1,1,2018,1930,2,A,A,D,Y,F,A,N,E,2004,TOYOTA,D,A,A,H,C,-118.2609329,34.08176041,21,0,GM,F,1,0
8652927,1,1,2018,123,1,A,A,B,Y,M,B,A,B,2014,TOYOTA,D,W,A,H,C,-118.3770294,33.83865738,2,0,MQ,M,4,0
8652927,1,2,2018,123,1,A,A,B,Y,M,B,A,B,2014,TOYOTA,D,W,A,H,C,-118.3770294,33.83865738,1,0,MQ,M,6,0
8824853,2,1,2019,2305,1,A,A,D,N,M,A,A,B,1998,DODGE,D,H,A,H,C,-118.2804337,34.0110817,16,0,GM,M,3,0
8824853,2,2,2019,2305,1,A,A,D,N,M,A,A,B,1998,DODGE,D,H,A,H,C,-118.2804337,34.0110817,20,0,GM,M,4,0
90397733,1,1,2017,648,1,A,A,D,Y,M,A,N,B,2003,TOYOTA,D,W,A,H,B,-117.9699365,34.76366,30,0,GL,M,1,0
90440853,2,1,2017,1612,2,A,A,E,N,F,A,H,B,2015,TOYO,D,H,A,H,A,-118.17213,34.0357,46,0,GL,F,1,0
90496890,2,1,2017,1455,5,A,A,C,N,M,A,N,H,2016,TOYO,D,H,A,H,A,-118.5458939,34.35147081,53,0,GM,F,3,0
90496890,2,2,2017,1455,5,A,A,C,N,M,A,N,H,2016,TOYO,D,H,A,H,A,-118.5458939,34.35147081,56,0,GM,M,1,0
90522040,2,1,2017,1622,2,A,A,C,N,M,A,N,B,2016,DODGE,D,H,A,H,A,-118.6111118,34.1698245,45,0,GM,M,1,0
90523334,1,1,2017,1725,4,A,A,B,N,M,A,N,B,2011,CHEVY,D,H,A,H,A,-118.2634077,33.8952494,32,0,GL,F,3,0
90582598,2,1,2017,1937,6,A,A,C,N,M,A,N,A,2002,DODG,D,H,A,H,C,-118.3087945,33.93102,35,0,GM,M,1,0
90645547,2,1,2018,1717,6,A,A,C,N,M,A,N,H,2017,TOYT,D,W,A,H,B,-117.9478226,34.13149643,70,0,GM,M,1,0
90645547,2,2,2018,1717,6,A,A,C,N,M,A,N,H,2017,TOYT,D,W,A,H,B,-117.9478226,34.13149643,70,0,GM,F,3,0
9076170,2,1,2019,1447,7,A,A,C,N,M,A,N,A,2001,GMC,D,W,A,H,A,-118.4908829,34.01039886,29,0,GM,M,3,0
9076170,2,2,2019,1447,7,A,A,C,N,M,A,N,A,2001,GMC,D,W,A,H,A,-118.4908829,34.01039886,22,0,GM,F,2,0
90921997,1,1,2019,650,5,A,A,E,Y,M,A,N,M,2006,DODGE,D,W,A,H,B,-118.6761093,34.775383,66,1,GM,M,1,0
90990249,2,1,2019,40,7,A,A,B,N,M,A,N,B,2018,CHEV,D,H,A,H,C,-118.0220108,34.03808212,21,0,GM,M,1,0
91085631,2,1,2019,620,2,A,A,C,N,M,A,F,B,1985,TOYT,D,H,A,H,A,-118.3559723,34.27249146,28,1,GP,M,1,0
8338348,1,1,2017,710,1,B,A,D,Y,M,A,N,E,2000,GMC,D,H,A,H,A,-118.417426,34.27877905,10,0,GM,M,2,0
8370400,1,1,2017,2325,4,A,A,C,Y,F,A,M,B,2005,GMC,D,B,A,H,C,-118.3681796,34.2639735,46,0,GM,M,3,0
8444778,2,1,2017,1455,1,A,A,D,N,M,A,A,G,2005,CHEVROLET,D,H,A,H,A,-118.2764101,34.08872001,37,0,GM,F,2,0
8444778,2,2,2017,1455,1,A,A,D,N,M,A,A,G,2005,CHEVROLET,D,H,A,H,A,-118.2764101,34.08872001,13,0,GM,M,3,0
8444778,2,3,2017,1455,1,A,A,D,N,M,A,A,G,2005,CHEVROLET,D,H,A,H,A,-118.2764101,34.08872001,8,0,GM,M,4,0
8444778,2,4,2017,1455,1,A,A,D,N,M,A,A,G,2005,CHEVROLET,D,H,A,H,A,-118.2764101,34.08872001,14,0,GM,F,5,0
8444778,2,5,2017,1455,1,A,A,D,N,M,A,A,G,2005,CHEVROLET,D,H,A,H,A,-118.2764101,34.08872001,14,0,GM,F,6,0
8507445,3,1,2017,1815,1,A,A,C,N,M,A,N,A,2004,CHEVROLET,D,H,A,H,C,-118.57099,34.20374432,25,0,GM,M,3,0
8551489,1,1,2018,1210,5,A,A,C,Y,F,A,N,B,2004,FORD,D,H,A,H,A,-118.4574509,34.18569946,23,0,GM,F,1,0
8828804,2,1,2019,1839,7,A,A,D,N,M,A,N,B,1999,DODGE,D,W,A,H,A,-117.9166031,34.08652115,60,0,GL,M,1,0
90397752,2,1,2017,618,3,A,A,C,N,M,A,N,B,2008,NISS,D,H,A,H,B,-118.1575832,33.87663664,27,0,GL,M,3,0
90420701,2,1,2017,937,5,A,A,C,N,F,A,N,A,2004,FORD,D,H,A,H,A,-117.8006861,34.02734571,20,0,GM,F,3,0
90420701,2,2,2017,937,5,A,A,C,N,F,A,N,A,2004,FORD,D,H,A,H,A,-117.8006861,34.02734571,28,0,GM,F,1,0
90454530,1,1,2017,215,7,B,A,E,Y,M,A,N,B,2008,NISSAN,D,H,B,H,B,-118.21012,33.92461,41,0,GM,M,3,0
90630768,2,1,2017,1425,1,A,A,C,N,M,A,N,A,2016,GMC,D,H,A,H,A,-118.38868,34.22727,27,0,GM,M,1,0