case_id,party_number,victim_number,accident_year,collision_time,day_of_week,weather_1,primary_coll_factor,type_of_collision,at_fault,party_sex,party_soberiety,oaf_1,move_pre_acc,vehicle_year,vehicle_make,stwd_vehicle_type,race,road_surface,road_cond_1,lighting,point_x,point_y,victim_age,severe_injury,safety_equip_used,victim_sex,victim_seating_postion,victim_ejected
8493641,1,3,2017,1625,4,A,A,B,Y,M,A,G,E,1995,NISSAN,D,H,A,H,A,-118.46184,34.17211001,20,0,GM,M,4,3
8539028,2,1,2018,1402,2,A,A,C,N,M,A,N,A,2017,CHEVROLET,D,H,A,H,A,-118.4978104,34.01689148,25,0,GM,M,1,0
8539028,2,2,2018,1402,2,A,A,C,N,M,A,N,A,2017,CHEVROLET,D,H,A,H,A,-118.4978104,34.01689148,20,0,GM,F,3,0
8556089,2,1,2018,1535,1,A,A,C,N,M,A,N,A,2003,NISSAN,D,H,A,H,A,-118.3091583,34.07761002,22,0,GM,M,3,0
8618022,1,1,2018,1109,1,A,A,D,Y,M,A,N,B,2016,NISSAN,D,H,A,H,A,-117.7404175,34.02986145,19,0,GM,M,1,0
8810457,2,1,2019,1050,7,A,A,A,N,M,A,ZZ,E,2012,NISSAN,D,H,A,H,A,-117.9751282,34.06932068,56,0,GL,M,1,0
8927069,1,1,2019,1220,7,A,A,C,Y,F,A,N,B,2019,CHEVROLET,D,H,A,H,A,-118.0373764,33.97735977,55,0,GM,F,1,0
90710545,2,1,2018,740,3,A,A,B,N,M,A,N,B,2017,FORD,D,W,A,H,A,-118.2842484,34.03700638,51,0,GM,F,3,0
90904286,1,1,2019,2220,7,C,A,C,Y,M,A,N,B,1997,MAZDA,D,W,B,H,C,-118.3363266,34.15300751,32,0,GL,M,1,0
91127915,2,1,2019,303,7,A,A,D,N,M,A,N,B,2001,FORD,D,B,A,H,C,-118.415947,33.91637039,60,0,GL,M,1,0
91152076,1,1,2019,745,3,A,A,B,Y,F,A,N,B,1980,FORD,D,W,A,H,A,-118.4888,34.27088928,57,0,GM,F,1,0
8525450,1,1,2017,1900,3,A,A,D,Y,M,A,ZZ,E,1984,MAZDA,D,W,B,H,C,-118.3114027,33.76357457,71,0,GN,M,1,0
8565280,2,1,2018,1548,4,A,A,C,N,M,A,A,A,2004,FORD,D,W,A,H,A,-118.010788,33.89852905,59,0,GM,M,1,0
8571345,1,1,2018,945,6,A,A,A,Y,F,A,N,E,2010,TOYOTA,D,H,A,H,A,-118.5885315,34.22821045,27,0,GM,F,1,0
8731185,1,1,2018,1235,2,A,A,D,Y,F,A,N,E,2014,RAM,D,W,A,H,A,-118.1747131,34.6821785,53,0,GM,F,3,0
8785535,4,1,2018,820,2,A,A,B,N,M,C,N,B,2014,DODGE,D,H,A,H,A,-118.5425873,34.20117188,19,0,GM,M,1,0
8815889,3,1,2019,1520,1,B,A,D,N,F,A,N,B,2017,CHEVROLET,D,H,A,H,A,-118.4144135,34.21979523,45,0,GM,F,1,0
8815889,3,2,2019,1520,1,B,A,D,N,F,A,N,B,2017,CHEVROLET,D,H,A,H,A,-118.4144135,34.21979523,76,0,GM,M,3,0
8917116,1,1,2019,2010,2,A,A,D,Y,M,A,N,E,2018,GMC,D,H,A,H,C,-118.282547,33.74919128,37,0,GM,M,3,0
8917116,1,2,2019,2010,2,A,A,D,Y,M,A,N,E,2018,GMC,D,H,A,H,C,-118.282547,33.74919128,16,0,GM,M,4,0
8917116,1,3,2019,2010,2,A,A,D,Y,M,A,N,E,2018,GMC,D,H,A,H,C,-118.282547,33.74919128,13,0,GM,F,5,0
8917116,1,4,2019,2010,2,A,A,D,Y,M,A,N,E,2018,GMC,D,H,A,H,C,-118.282547,33.74919128,4,0,GM,F,6,0
90397733,2,1,2017,648,1,A,A,D,N,M,A,N,E,1997,CHEV,D,W,A,H,B,-117.9699365,34.76366,74,0,GM,M,1,0
90628059,2,1,2017,635,5,A,A,C,N,M,A,I,A,2015,FORD,D,W,A,H,C,-117.8102942,34.02394964,45,0,GM,M,1,0
90690438,1,1,2018,500,4,B,A,E,Y,M,A,N,B,2005,NISS,D,H,B,H,D,-118.6227264,34.43159103,36,0,GL,M,1,0
90833082,2,1,2018,1145,1,A,A,B,N,M,A,N,B,2014,FORD,D,H,A,D,A,-117.8876114,34.07204056,41,0,GL,M,1,0
90862415,2,1,2018,1100,2,A,A,D,N,F,A,N,B,2000,CHEV,D,H,A,H,A,-118.0054474,34.70463943,27,0,GL,F,1,0
91088947,2,1,2019,845,1,A,A,C,N,M,A,N,A,1996,TOYOTA,D,A,A,H,A,-118.2809982,33.9830513,71,0,GM,M,1,0
91136015,1,1,2019,1618,6,C,A,C,N,M,A,N,A,2004,NISSAN,D,H,B,H,C,-117.9792099,34.54290009,50,0,GM,M,1,0
8418929,1,1,2017,1453,2,A,A,E,Y,M,G,N,B,2000,FORD,D,W,A,H,A,-117.8710474,34.12509872,36,0,GM,M,1,0
8658246,1,1,2018,2120,2,F,A,D,Y,M,A,N,E,2003,FORD,D,H,A,H,C,-118.2722244,33.77944565,53,0,GL,M,1,0
8690903,1,1,2018,1258,4,A,A,D,Y,F,A,N,E,2015,FORD,D,B,A,H,A,-118.3511658,34.09077072,40,0,GL,F,1,0
8690903,1,2,2018,1258,4,A,A,D,Y,F,A,N,E,2015,FORD,D,B,A,H,A,-118.3511658,34.09077072,35,0,GL,M,3,0
8690903,1,3,2018,1258,4,A,A,D,Y,F,A,N,E,2015,FORD,D,B,A,H,A,-118.3511658,34.09077072,37,0,GL,M,4,0
8690903,1,4,2018,1258,4,A,A,D,Y,F,A,N,E,2015,FORD,D,B,A,H,A,-118.3511658,34.09077072,53,0,GL,M,6,0
8776151,2,1,2018,1300,3,A,A,D,N,F,A,N,B,2008,GMC,D,H,A,H,A,-117.8290024,34.11249924,44,0,GM,F,1,3
8781783,2,1,2018,655,5,A,A,D,N,M,A,N,B,2018,TOYOTA,D,H,A,H,A,-118.26017,34.03474045,47,0,GL,M,1,0
90411729,1,1,2017,1915,6,A,A,E,Y,M,A,G,R,2008,CHEV,D,W,A,H,C,-118.4537612,34.02764728,31,0,GL,M,1,0
90411729,1,2,2017,1915,6,A,A,E,Y,M,A,G,R,2008,CHEV,D,W,A,H,C,-118.4537612,34.02764728,26,0,GL,M,3,0
90639136,1,1,2018,1445,3,A,A,C,N,M,A,N,A,1998,GMC,D,H,A,H,A,-118.4731293,34.21680832,27,0,GM,M,1,0
90955442,2,1,2019,1710,2,A,A,C,N,M,A,N,A,2019,CHEV,D,A,A,H,A,-118.2044907,33.92231369,47,0,GM,M,1,0
8391936,1,1,2017,235,1,A,A,A,Y,M,A,F,Q,2009,FORD,D,W,A,H,C,-118.3041057,34.06316607,998,0,GM,M,3,0
8483171,1,1,2017,1931,2,A,A,A,Y,F,A,N,E,2009,DODGE,D,W,A,H,C,-118.1476801,34.64758007,21,0,GL,M,3,0
8483171,1,2,2017,1931,2,A,A,A,Y,F,A,N,E,2009,DODGE,D,W,A,H,C,-118.1476801,34.64758007,15,0,GL,M,5,0
8571895,1,1,2018,1540,7,A,A,D,Y,M,A,N,F,2008,FORD,D,H,A,H,A,-118.0140686,34.08002853,57,0,GM,M,1,0
8628320,2,1,2018,650,2,A,A,D,N,F,A,N,B,2017,TOYOTA,D,H,A,H,A,-118.2768326,34.06948853,39,0,GM,F,1,0
8628320,2,2,2018,650,2,A,A,D,N,F,A,N,B,2017,TOYOTA,D,H,A,H,A,-118.2768326,34.06948853,14,0,GM,M,4,0
8637940,2,1,2018,1805,1,A,A,D,N,M,A,N,B,2011,FORD,D,H,A,H,A,-118.4453201,34.29426193,31,0,GL,F,3,0
8637940,2,2,2018,1805,1,A,A,D,N,M,A,N,B,2011,FORD,D,H,A,H,A,-118.4453201,34.29426193,33,0,GL,M,1,0
8637940,2,3,2018,1805,1,A,A,D,N,M,A,N,B,2011,FORD,D,H,A,H,A,-118.4453201,34.29426193,72,0,GL,F,4,0
8637940,2,4,2018,1805,1,A,A,D,N,M,A,N,B,2011,FORD,D,H,A,H,A,-118.4453201,34.29426193,6,0,GL,M,6,0
8648024,1,1,2018,310,7,A,A,E,Y,M,B,N,M,2016,GMC,D,W,A,H,C,-118.038559,34.03625107,25,1,HL,M,1,0
8648024,1,2,2018,310,7,A,A,E,Y,M,B,N,M,2016,GMC,D,W,A,H,C,-118.038559,34.03625107,23,0,HL,M,3,0
8737644,1,1,2018,830,3,A,A,C,Y,M,A,N,B,1987,MAZDA,D,H,A,H,A,-118.4529495,34.02804184,37,0,GM,M,3,0
8780973,2,1,2018,640,1,A,A,D,N,M,A,N,B,2015,TOYOTA,D,H,A,H,A,-118.2725525,34.0585289,33,0,GM,M,1,0
8780973,2,2,2018,640,1,A,A,D,N,M,A,N,B,2015,TOYOTA,D,H,A,H,A,-118.2725525,34.0585289,9,0,GM,F,3,0
8806477,1,1,2019,830,5,A,A,D,Y,M,A,N,B,2016,FORD,D,W,A,H,A,-118.4762573,34.24285126,55,0,GM,M,1,0
8885065,1,1,2019,1145,4,A,A,D,Y,M,A,E,D,2011,CHEVROLET,D,H,A,H,A,-118.2657547,33.98924255,30,0,GM,F,1,0
8886102,1,1,2019,2040,3,A,A,A,Y,M,A,N,E,1994,NISSAN,D,H,A,H,B,-118.4662094,34.20845032,49,0,CM,F,3,0
8886141,2,1,2019,1630,1,A,A,A,N,F,A,N,B,2004,NISSAN,D,H,A,H,A,-118.4662018,34.19648743,64,0,GM,F,1,0
8886141,2,2,2019,1630,1,A,A,A,N,F,A,N,B,2004,NISSAN,D,H,A,H,A,-118.4662018,34.19648743,91,0,GM,F,3,0
8893846,1,1,2019,1650,3,A,A,E,Y,M,B,A,C,1999,TOYOTA,D,W,A,H,A,-118.4830246,34.05024338,53,1,GL,M,1,0
90368223,2,1,2017,1928,3,B,A,A,N,M,A,N,B,2014,DODGE,D,W,B,H,D,-118.6484334,34.23961952,47,0,GM,M,1,0
90657929,2,1,2018,1615,6,A,A,C,N,M,A,N,H,2011,CHEV,D,H,A,H,A,-117.9798126,34.13526917,52,0,GM,F,3,0
90795077,2,1,2018,1515,5,A,A,C,N,M,A,N,A,2012,FORD,D,H,A,H,A,-118.5015488,34.17021179,38,0,GM,M,1,0
90831112,1,1,2018,648,1,A,A,C,Y,F,A,N,B,2000,CHEV,D,H,A,H,A,-117.7234116,34.08158875,47,0,GL,F,1,0
90881543,1,1,2018,2030,3,C,A,E,Y,M,A,N,B,2014,DODGE,D,A,B,H,D,-118.6258621,34.2750473,29,0,GL,M,1,0
90889260,2,1,2018,1705,4,A,A,C,N,M,A,N,A,1998,FORD,D,B,A,H,B,-117.7967606,34.06954956,77,0,GM,M,1,0
91021525,2,1,2019,1845,4,A,A,C,N,M,A,N,B,2004,DODG,D,H,A,H,A,-118.3189163,33.86219788,29,0,GM,M,1,0
91021525,2,2,2019,1845,4,A,A,C,N,M,A,N,B,2004,DODG,D,H,A,H,A,-118.3189163,33.86219788,31,0,GM,F,3,0
91112285,2,1,2019,608,1,A,A,C,N,M,A,N,H,2004,GMC,D,H,A,H,C,-118.4506683,34.27449036,52,0,GM,M,1,0
91140484,1,1,2019,1320,4,B,A,C,Y,M,A,N,C,2011,CHEV,D,H,B,H,A,-118.5878983,34.27336502,49,1,GL,M,1,0
91140484,1,2,2019,1320,4,B,A,C,Y,M,A,N,C,2011,CHEV,D,H,B,H,A,-118.5878983,34.27336502,43,0,GL,M,3,0
8502683,1,1,2017,1002,1,A,A,D,N,M,A,N,B,1989,CHEVROLET,D,H,A,H,A,-118.1763301,33.80440003,56,0,GM,M,1,0
8510072,1,1,2017,825,4,A,A,D,Y,M,A,N,E,2001,TOYOTA,D,W,A,H,A,-118.55351,34.20846973,58,0,GM,M,1,0
8515205,2,1,2017,1330,7,A,A,D,N,F,A,N,B,1999,FORD,D,W,A,H,A,-118.5666801,34.22217002,54,0,GM,F,1,0
8515205,2,2,2017,1330,7,A,A,D,N,F,A,N,B,1999,FORD,D,W,A,H,A,-118.5666801,34.22217002,7,0,GM,F,5,0
8599228,2,1,2018,750,3,A,A,C,N,M,A,N,A,2012,CHEVROLET,D,H,A,H,A,-118.3924255,34.19393921,45,0,GM,M,1,0
8603563,1,1,2018,1430,5,A,A,D,Y,M,A,N,E,2017,TOYOTA,D,O,A,H,A,-118.2396469,34.01723862,65,0,GL,M,1,0
8840486,3,1,2019,1500,6,A,A,C,N,M,A,N,A,2001,TOYOTA,D,H,A,H,A,-118.0366516,33.90206528,44,0,GM,M,1,0
8860463,3,1,2019,1424,2,A,A,B,N,F,A,N,A,2006,CHEVROLET,D,H,A,H,A,-118.13237,34.15127182,34,0,GM,F,1,0
8912501,2,1,2019,1712,3,A,A,D,N,M,A,N,B,2011,GMC,D,H,A,H,A,-118.1255722,34.62875366,51,0,GM,F,3,0
8965515,2,1,2019,1250,4,A,A,D,N,M,A,N,B,1999,FORD,D,H,A,H,A,-118.589241,34.25725174,49,0,GL,M,1,0
90408722,4,1,2017,1115,3,A,A,C,N,M,A,N,H,1995,FORD,D,H,A,H,A,-117.9867831,34.01822621,24,0,GM,M,1,0
90451818,1,1,2017,1440,3,A,A,C,Y,M,A,N,J,2006,FORD,D,H,A,H,A,-118.2075575,33.80464747,51,0,GL,M,1,0
90466122,3,1,2017,1330,5,A,A,C,N,F,A,N,A,2004,FORD,D,B,A,H,A,-118.0811871,34.14795977,44,0,GM,F,1,0
90480915,2,1,2017,1650,5,A,A,C,N,M,A,N,A,2001,TOYO,D,O,A,H,A,-118.488965,34.27102699,40,0,GM,M,1,0
90818658,2,1,2018,2313,7,A,A,C,N,M,A,N,A,1987,NISSAN,D,H,A,H,C,-118.0418167,34.03812027,46,0,GP,M,1,0
90830307,1,1,2018,640,1,B,A,C,N,M,G,N,B,2007,CHEV,D,H,A,H,B,-118.249588,34.10190964,68,0,GP,F,3,0
90830307,1,2,2018,640,1,B,A,C,N,M,G,N,B,2007,CHEV,D,H,A,H,B,-118.249588,34.10190964,58,0,GM,M,1,0
8345466,2,1,2017,1815,2,A,A,D,N,M,A,N,B,2002,TOYOTA,D,W,A,H,C,-118.2905801,33.86714006,27,0,GL,M,1,0
8345466,2,2,2017,1815,2,A,A,D,N,M,A,N,B,2002,TOYOTA,D,W,A,H,C,-118.2905801,33.86714006,27,0,GL,M,3,0
8520593,1,1,2017,1650,1,A,A,D,Y,M,A,ZZ,E,2014,FORD,D,A,A,H,B,-118.21442,34.06062011,25,0,GM,M,1,0
8520593,1,2,2017,1650,1,A,A,D,Y,M,A,ZZ,E,2014,FORD,D,A,A,H,B,-118.21442,34.06062011,30,0,GM,M,3,0
8571349,1,1,2018,700,5,A,A,C,Y,M,A,N,E,2008,CHEVROLET,D,H,A,H,A,-118.3783493,34.22544098,48,0,GM,M,1,0
8631336,1,1,2018,1720,6,A,A,D,Y,F,A,N,E,2002,DODGE,D,B,A,H,A,-118.5975037,34.21009064,53,0,GM,F,1,0
8767988,2,1,2018,2056,6,A,A,A,N,M,A,N,B,2003,TOYOTA,D,H,A,H,C,-118.0361099,33.97909164,41,0,GM,M,1,0
8799211,2,1,2019,1550,3,A,A,D,N,F,A,N,B,2004,CHEVROLET,D,H,A,H,A,-118.2611465,34.02184296,5,0,GM,M,5,0
8799211,2,2,2019,1550,3,A,A,D,N,F,A,N,B,2004,CHEVROLET,D,H,A,H,A,-118.2611465,34.02184296,3,0,MQ,F,4,0
8828027,2,1,2019,445,5,C,A,D,N,M,A,N,A,2007,FORD,D,H,B,H,C,-118.1252518,33.86032867,49,0,GM,M,1,0
8834539,1,1,2019,1037,6,B,A,D,Y,M,A,N,E,2003,FORD,D,H,A,H,A,-117.9869232,34.07798004,41,0,GL,M,1,0
90442886,1,1,2017,610,6,A,A,B,Y,M,A,N,J,1998,TOYT,D,W,A,H,B,-118.4742074,34.19531924,26,0,GM,M,1,0
90483250,1,1,2017,805,3,A,A,B,Y,F,A,L,N,2014,FORD,D,O,A,H,A,-117.890186,34.11845993,51,0,GM,F,1,0
90649231,2,1,2018,840,6,A,A,C,N,M,A,N,B,2004,CHEVY,D,H,A,H,A,-118.0984268,33.78969193,48,0,GM,M,1,0
90662686,1,1,2018,1740,3,A,A,B,Y,M,B,A,I,2006,MAZDA,D,B,A,H,C,-118.0585175,34.59408188,26,0,GL,M,1,0
90672251,3,1,2018,1110,5,A,A,C,N,F,A,N,H,2013,TOYO,D,W,A,H,A,-118.4092255,34.00033951,35,0,GM,F,1,0
90900475,1,1,2018,640,7,A,A,C,Y,M,A,H,B,2004,FORD,D,H,A,H,A,-118.1696091,33.91167831,21,0,GL,M,1,0
90979262,2,1,2019,1245,7,A,A,C,N,F,A,N,A,2004,TOYO,D,B,A,H,A,-118.1660309,33.87599564,22,0,GM,F,3,0
91079722,1,1,2019,1535,7,A,A,E,Y,M,B,A,B,2002,FORD,D,H,A,H,A,-117.8687286,34.24119186,23,0,GL,M,1,0
91157389,1,1,2019,220,1,C,A,E,Y,M,A,N,M,2012,CHEV,D,H,B,H,C,-118.2778091,33.90193939,35,0,GL,M,1,0
8482263,3,1,2017,1220,6,A,A,C,N,M,A,N,A,2013,HONDA,D,H,A,H,A,-118.4668603,34.20125,37,0,GM,M,1,0
8482263,3,2,2017,1220,6,A,A,C,N,M,A,N,A,2013,HONDA,D,H,A,H,A,-118.4668603,34.20125,37,0,GM,F,3,0
8482263,3,3,2017,1220,6,A,A,C,N,M,A,N,A,2013,HONDA,D,H,A,H,A,-118.4668603,34.20125,6,0,MQ,M,4,0
8482263,3,4,2017,1220,6,A,A,C,N,M,A,N,A,2013,HONDA,D,H,A,H,A,-118.4668603,34.20125,8,0,GM,M,9,0
8664608,2,1,2018,612,2,A,A,C,N,F,A,N,B,2007,NISSAN,D,H,A,H,B,-118.1817093,34.0004921,50,0,BM,F,1,0
8599878,1,1,2018,1045,2,A,A,D,Y,M,A,A,B,2006,FORD,D,W,A,H,A,-118.5709915,34.20114136,53,0,GL,M,1,0
8642297,2,1,2018,710,1,A,A,B,N,F,A,N,B,2008,TOYOTA,D,W,A,H,A,-118.0294571,33.90708923,60,0,GM,F,1,0
8665684,1,1,2018,1440,2,A,A,C,Y,M,A,N,M,2017,TOYOTA,D,H,A,H,A,-118.3733673,34.11175156,68,0,GM,M,1,0
8686729,2,1,2018,1700,3,A,A,C,N,M,A,N,H,2009,DODGE,D,H,A,H,A,-118.3527069,33.93164444,64,0,GM,F,3,0
90787389,1,1,2018,200,3,A,A,C,Y,F,B,A,B,2007,DODGE ,D,B,A,H,D,-118.1718826,33.87668228,40,0,KL,F,1,0
90917738,2,1,2019,830,4,A,A,B,N,M,A,N,B,2013,TOYT,D,A,A,H,A,-118.151825,34.06824493,56,0,GL,F,3,0
90917738,2,2,2019,830,4,A,A,B,N,M,A,N,B,2013,TOYT,D,A,A,H,A,-118.151825,34.06824493,56,0,GL,M,1,0
91001724,2,1,2019,1210,1,A,A,C,N,M,A,N,A,2017,TOYO,D,H,A,H,A,-118.2696152,34.11778259,26,0,GM,F,3,0
91009666,1,1,2019,2100,5,A,A,C,N,M,A,N,A,2005,FORD,D,W,A,D,C,-117.8709869,34.07187653,64,0,GM,F,3,0
91009666,1,2,2019,2100,5,A,A,C,N,M,A,N,A,2005,FORD,D,W,A,D,C,-117.8709869,34.07187653,56,0,GM,M,1,0
91089948,1,1,2019,1450,1,A,A,C,Y,M,A,N,B,2015,NISS,D,H,A,H,A,-118.3266068,33.86449432,37,0,GM,M,1,0
91102944,1,1,2019,830,6,A,A,C,Y,M,B,A,M,2002,FORD,D,H,A,H,A,-118.2277603,33.97446823,34,0,GM,M,1,0
91114640,2,1,2019,423,4,A,A,C,Y,M,A,N,B,2013,CHEVROLE,D,H,A,H,C,-118.3609085,34.03391266,33,0,GL,M,1,0
8373643,1,1,2017,1911,7,B,A,E,Y,M,B,A,M,2004,CHEVROLET,D,H,A,H,A,-117.72526,34.044785,24,1,HL,M,1,0
8437311,2,1,2017,851,3,A,A,D,N,M,A,N,B,1992,CHEVROLET,D,H,A,H,A,-118.4384501,34.26474008,31,0,GM,M,1,0
8524228,1,1,2017,2020,7,A,A,D,Y,M,A,N,E,1999,FORD,D,H,A,H,C,-118.29958,33.83155003,42,0,GM,M,1,0
8524228,1,2,2017,2020,7,A,A,D,Y,M,A,N,E,1999,FORD,D,H,A,H,C,-118.29958,33.83155003,7,0,GM,M,3,0
8599513,1,1,2018,1945,6,A,A,C,Y,M,A,N,B,2008,FORD,D,W,A,H,C,-117.9776154,34.1348381,56,0,GM,M,3,0
8748992,1,1,2018,1450,4,C,A,E,Y,M,A,N,B,2004,TOYOTA,D,H,B,H,A,-118.4927139,34.05822372,22,0,GM,M,1,0
8818877,2,1,2019,1223,5,A,A,C,N,F,A,N,B,2007,CHEVROLET,D,H,A,H,A,-118.1763306,33.81476212,24,0,GM,F,1,0
8818877,2,2,2019,1223,5,A,A,C,N,F,A,N,B,2007,CHEVROLET,D,H,A,H,A,-118.1763306,33.81476212,63,0,GM,F,6,0
8818877,2,3,2019,1223,5,A,A,C,N,F,A,N,B,2007,CHEVROLET,D,H,A,H,A,-118.1763306,33.81476212,1,0,MQ,F,4,0
8818877,2,4,2019,1223,5,A,A,C,N,F,A,N,B,2007,CHEVROLET,D,H,A,H,A,-118.1763306,33.81476212,998,0,MQ,F,5,0
8845610,1,1,2019,445,6,B,A,E,Y,M,B,A,C,2003,TOYOTA,D,H,A,H,C,-118.5622177,34.19107437,48,0,GL,M,1,0
8892515,1,1,2019,1229,5,A,A,D,Y,F,A,N,B,2001,CHEVROLET,D,O,A,H,A,-118.3665009,33.88743973,68,0,GM,F,1,0
9005751,1,1,2019,650,3,A,A,D,Y,M,A,N,E,2019,TOYOTA,D,W,A,H,A,-118.472168,34.41673279,65,0,GL,M,1,0
90481614,1,1,2017,1425,7,A,A,A,Y,F,A,N,E,2006,TOYO,D,H,A,H,A,-118.18007,34.0239401,29,0,GL,F,1,0
90520780,1,1,2017,1942,7,A,A,C,Y,M,A,N,B,2012,CHEV,D,B,A,H,B,-118.6438408,34.52982378,36,0,GL,M,1,0
90573328,2,1,2017,655,2,A,A,C,N,M,A,N,A,1978,NISS,D,W,A,H,A,-117.81911,34.0992,60,0,GP,M,1,0
90591144,2,1,2017,1840,2,A,A,C,N,M,A,N,H,2009,GMC,D,H,A,H,C,-117.8301,34.00482,22,0,GM,F,3,0
90591144,2,2,2017,1840,2,A,A,C,N,M,A,N,H,2009,GMC,D,H,A,H,C,-117.8301,34.00482,22,0,GP,F,4,0
90781114,2,1,2018,1525,3,A,A,C,N,M,A,N,A,2017,TOYT,D,H,A,H,A,-117.8404083,34.00120544,44,0,GM,M,1,0
90798527,1,1,2018,945,4,A,A,C,Y,M,A,N,B,2014,NISS,D,H,A,H,A,-118.1297531,34.07173157,57,0,GL,M,1,0
91137038,3,1,2019,1945,2,A,A,C,N,M,A,N,B,2017,CHEV,D,H,A,H,C,-118.2289658,34.1379776,30,0,GL,M,1,0
8551908,2,1,2018,1156,3,A,A,D,N,M,A,ZZ,B,1999,CHEVROLET,D,H,A,H,A,-118.119278,34.01234818,29,0,BM,M,3,3
8684140,2,1,2018,820,6,A,A,D,N,M,A,N,B,2018,TOYOTA,D,W,A,H,A,-118.1476212,34.59447098,24,0,GL,M,1,0
8783256,1,1,2018,1453,1,A,A,A,Y,M,A,N,E,1986,TOYOTA,D,H,A,H,A,-118.1405106,33.95883942,58,0,GM,M,3,0
8783256,1,2,2018,1453,1,A,A,A,Y,M,A,N,E,1986,TOYOTA,D,H,A,H,A,-118.1405106,33.95883942,56,0,GL,M,1,0
8874476,2,1,2019,959,3,A,A,C,N,M,A,N,H,1995,TOYOTA,D,H,A,H,A,-118.5387573,34.03726959,58,0,GM,M,3,0
8874476,2,2,2019,959,3,A,A,C,N,M,A,N,H,1995,TOYOTA,D,H,A,H,A,-118.5387573,34.03726959,32,0,GM,M,9,0
8988784,2,1,2019,910,3,A,A,C,N,M,A,N,A,2019,CHEVROLET,D,H,A,H,B,-118.3119583,34.03268051,36,0,GM,M,1,0
90854094,2,1,2018,2120,1,A,A,C,N,M,A,N,B,1999,FORD,D,W,A,D,C,-118.587265,34.4300766,40,0,GM,M,1,0
90938397,1,1,2019,2350,6,A,A,C,Y,M,B,A,B,2006,TOYO,D,H,A,H,C,-118.3331833,34.11207962,67,0,GL,M,1,0
91015793,4,1,2019,940,4,B,A,C,N,M,A,N,A,2017,CHEVY,D,W,A,H,A,-118.2464981,33.87352753,34,0,GM,M,1,0
91088938,1,1,2019,1410,3,A,A,C,Y,M,A,M,B,2016,FORD,D,W,A,H,A,-118.1613464,34.03641891,28,0,GM,M,3,0
91105058,3,1,2019,918,2,A,A,C,N,M,A,N,A,1998,FORD,D,H,A,H,A,-117.999794,34.07226944,44,0,GM,M,3,0
8681419,2,1,2018,1232,3,A,A,C,N,M,A,N,A,2001,TOYOTA,D,H,A,H,A,-118.0826187,34.53786469,60,0,GM,M,1,0
8845601,2,1,2019,1317,6,A,A,D,N,M,A,N,E,2004,DODGE,D,W,A,H,A,-117.8310928,34.11394119,63,0,GM,F,3,0
90528630,1,1,2017,1155,1,A,A,C,N,F,A,N,A,2005,GMC,D,H,A,H,A,-118.2538178,34.06677338,35,0,GM,F,1,0
90581869,1,1,2017,723,6,A,A,E,Y,M,A,N,M,2000,DODGE,D,H,A,H,A,-118.101484,34.137807,21,0,GM,M,1,0
90603825,1,1,2017,1310,1,A,A,C,N,M,A,N,H,1999,TOYOTA,D,H,A,H,A,-118.2810096,33.99993746,23,0,GM,M,1,0
8399119,5,1,2017,1748,2,A,A,D,N,M,A,N,A,2015,TOYOTA,D,H,A,H,A,-118.12131,34.60181,33,0,GL,M,1,0
8429899,1,1,2017,1830,4,A,A,A,Y,M,A,N,B,2008,GMC,D,B,A,H,A,-118.0534101,33.87327007,69,0,GM,M,1,0
8429899,1,2,2017,1830,4,A,A,A,Y,M,A,N,B,2008,GMC,D,B,A,H,A,-118.0534101,33.87327007,70,0,GM,M,3,0
8726166,2,1,2018,735,2,A,A,C,N,F,A,N,A,2013,TOYOTA,D,H,A,H,A,-118.0294495,34.57249451,32,0,GM,F,1,0
8726166,2,2,2018,735,2,A,A,C,N,F,A,N,A,2013,TOYOTA,D,H,A,H,A,-118.0294495,34.57249451,7,0,GM,M,5,0
8726166,2,3,2018,735,2,A,A,C,N,F,A,N,A,2013,TOYOTA,D,H,A,H,A,-118.0294495,34.57249451,15,0,GM,F,3,0
8726166,2,4,2018,735,2,A,A,C,N,F,A,N,A,2013,TOYOTA,D,H,A,H,A,-118.0294495,34.57249451,5,0,GM,M,4,0
8726166,2,5,2018,735,2,A,A,C,N,F,A,N,A,2013,TOYOTA,D,H,A,H,A,-118.0294495,34.57249451,16,0,GM,F,6,0
8730083,2,1,2018,5,6,A,A,D,N,M,A,N,B,2010,FORD,D,H,A,H,C,-118.4487381,34.1794014,50,0,GL,M,1,0
8730083,2,2,2018,5,6,A,A,D,N,M,A,N,B,2010,FORD,D,H,A,H,C,-118.4487381,34.1794014,18,0,GL,M,3,0
8730083,2,3,2018,5,6,A,A,D,N,M,A,N,B,2010,FORD,D,H,A,H,C,-118.4487381,34.1794014,8,0,LQ,M,4,0
8936679,1,1,2019,1500,3,A,A,C,Y,M,A,N,B,2006,GMC,D,W,A,H,A,-118.3704834,34.2011795,25,0,GM,M,1,0
90394317,1,1,2017,940,2,C,A,E,Y,M,A,N,M,1996,CHEV,D,H,B,H,A,-118.2138915,34.05103984,19,0,GM,M,1,0