case_id,party_number,victim_number,accident_year,collision_time,day_of_week,weather_1,primary_coll_factor,type_of_collision,at_fault,party_sex,party_soberiety,oaf_1,move_pre_acc,vehicle_year,vehicle_make,stwd_vehicle_type,race,road_surface,road_cond_1,lighting,point_x,point_y,victim_age,severe_injury,safety_equip_used,victim_sex,victim_seating_postion,victim_ejected
91139019,2,1,2019,1510,1,A,A,C,N,M,A,N,A,2017,FORD,D,H,A,H,A,-118.0573044,33.89952469,64,0,GM,M,1,0
8738954,1,1,2018,807,3,B,A,D,Y,M,A,N,B,2017,GMC,D,H,A,H,A,-118.0513763,33.93569946,32,0,GL,M,1,0
8759539,2,1,2018,2114,3,B,A,B,N,F,A,N,B,2005,TOYOTA,D,H,B,H,D,-118.1080017,33.91725922,19,0,GM,F,3,0
8885332,3,1,2019,1200,2,A,A,C,N,M,A,N,B,2017,TOYOTA,D,W,A,H,A,-118.2423706,34.03511429,29,0,GM,M,1,0
8892288,1,1,2019,1455,2,A,A,E,Y,M,A,N,B,2017,NISSAN,D,H,A,H,A,-118.1415176,33.95172882,83,0,GL,F,3,0
9006682,1,1,2019,2102,5,A,A,B,Y,M,A,N,L,2018,GMC,D,W,A,H,C,-118.1442719,34.14213562,20,0,GM,M,3,0
90382200,1,1,2017,50,6,A,A,C,Y,M,B,A,B,1997,FORD,D,H,A,H,C,-118.1825959,34.0189,24,0,GL,M,1,0
90408131,1,1,2017,550,2,A,A,C,N,M,A,N,A,1999,CHEV,D,H,A,H,C,-118.2381976,34.05443454,40,0,GM,M,1,0
8606796,2,1,2018,1103,5,A,A,C,N,M,A,N,B,2005,GMC,D,H,A,H,A,-118.4780197,34.03029251,52,0,GM,M,1,0
8627691,2,1,2018,2100,3,A,A,D,N,M,A,N,B,2004,FORD,D,H,A,H,C,-117.7768173,34.08615112,10,0,GM,F,4,0
8627691,2,2,2018,2100,3,A,A,D,N,M,A,N,B,2004,FORD,D,H,A,H,C,-117.7768173,34.08615112,13,0,GM,F,3,0
8627691,2,3,2018,2100,3,A,A,D,N,M,A,N,B,2004,FORD,D,H,A,H,C,-117.7768173,34.08615112,7,0,GM,M,6,0
8690732,1,1,2018,615,4,A,A,A,Y,M,A,F,E,2005,TOYOTA,D,H,A,H,A,-118.2096405,33.92018127,23,0,BL,M,1,0
8837329,2,1,2019,1457,6,A,B,D,N,M,A,N,B,2016,CHEVROLET,D,W,A,H,A,-118.1329498,34.67498016,25,0,GL,F,3,0
8955510,1,1,2019,910,6,A,A,A,Y,M,A,N,E,1998,MAZDA,D,W,A,H,A,-118.3528671,34.09801865,86,0,GL,M,1,0
9027825,2,1,2019,1251,7,B,A,D,N,M,A,N,B,2004,FORD,D,H,A,H,A,-118.4109268,34.01657867,67,0,GM,F,3,0
90418085,1,1,2017,1650,5,B,A,E,Y,M,A,H,R,1994,FORD,D,H,B,H,A,-118.02688,34.03385,47,0,GM,M,1,0
90673311,1,1,2018,1740,6,A,A,C,Y,M,B,A,J,2006,FORD,D,H,A,H,C,-118.2306442,34.05342865,36,0,GM,M,1,0
90743938,3,1,2018,700,6,A,A,B,N,M,A,N,B,2003,NISS,D,H,A,H,A,-118.28479,33.85669327,41,0,GL,M,1,0
90870736,2,1,2018,850,3,A,A,C,N,M,A,N,A,2007,FORD,D,H,A,H,A,-117.846344,34.10308075,52,0,GM,M,1,0
90914025,2,1,2019,1830,3,A,A,C,N,M,A,N,A,2016,CHEV,D,H,A,D,D,-118.1584854,34.16336441,31,0,GM,M,1,0
90914025,2,2,2019,1830,3,A,A,C,N,M,A,N,A,2016,CHEV,D,H,A,D,D,-118.1584854,34.16336441,43,0,GM,M,3,0
90914025,2,3,2019,1830,3,A,A,C,N,M,A,N,A,2016,CHEV,D,H,A,D,D,-118.1584854,34.16336441,22,0,MP,M,4,0
90914025,2,4,2019,1830,3,A,A,C,N,M,A,N,A,2016,CHEV,D,H,A,D,D,-118.1584854,34.16336441,20,0,GP,M,6,0
90931686,1,1,2019,610,2,A,A,E,Y,M,G,N,B,2005,NISS,D,W,C,H,B,-118.4545059,34.50091934,37,0,GM,M,1,0
91147667,2,1,2019,1950,1,A,A,C,N,M,A,N,A,1990,TOYT,D,H,A,H,C,-118.1198959,33.96392059,73,0,GM,M,1,0
8357195,2,1,2017,2050,5,A,A,D,N,M,A,N,B,2007,CHEVROLET,D,W,A,H,C,-118.4436062,34.15006857,47,0,GL,M,1,0
8393693,1,1,2017,1634,6,A,A,C,Y,M,A,N,B,2004,TOYOTA,D,H,A,H,A,-118.0458939,34.1312271,51,0,GM,M,3,0
8471107,1,1,2017,850,1,A,A,D,Y,M,A,N,E,1997,GMC,D,H,A,H,A,-118.4502501,34.2354101,37,0,GM,M,3,0
8471107,2,1,2017,850,1,A,A,D,N,M,A,N,B,1999,CHEVROLET,D,H,A,H,A,-118.4502501,34.2354101,44,0,GM,M,1,0
8471107,2,2,2017,850,1,A,A,D,N,M,A,N,B,1999,CHEVROLET,D,H,A,H,A,-118.4502501,34.2354101,50,0,GM,M,3,0
8471107,2,3,2017,850,1,A,A,D,N,M,A,N,B,1999,CHEVROLET,D,H,A,H,A,-118.4502501,34.2354101,44,0,GM,M,6,0
8678924,1,1,2018,715,4,A,A,A,Y,M,A,N,B,1984,DATSUN,D,H,A,H,A,-118.0513077,34.0591011,26,0,GM,M,1,0
8695784,4,1,2018,1215,2,A,A,C,N,F,A,N,A,1995,DODGE,D,H,A,H,A,-118.4834061,34.22134018,24,0,GM,F,1,0
8695784,4,2,2018,1215,2,A,A,C,N,F,A,N,A,1995,DODGE,D,H,A,H,A,-118.4834061,34.22134018,48,0,GM,M,3,0
8834499,2,1,2019,2331,2,A,A,D,N,M,A,N,B,2002,CHEVROLET,D,B,A,H,D,-118.0140839,34.53098297,37,0,GL,M,1,0
8931148,2,1,2019,1210,5,A,A,D,N,M,A,N,B,2019,TOYOTA,D,W,A,H,A,-118.1167068,33.92430878,64,0,GM,M,1,0
8931171,1,1,2019,1013,5,A,A,E,Y,M,A,N,G,1991,CHEVROLET,D,H,A,H,A,-117.7381134,34.04764557,62,0,GM,M,1,0
8936711,1,1,2019,1335,4,A,A,D,Y,M,A,N,E,2016,NISSAN,D,H,A,H,A,-118.3987274,34.17940903,31,0,GL,M,1,0
8936711,1,2,2019,1335,4,A,A,D,Y,M,A,N,E,2016,NISSAN,D,H,A,H,A,-118.3987274,34.17940903,12,0,GL,M,3,0
8943109,1,1,2019,1450,2,A,A,D,Y,M,A,N,E,1999,NISSAN,D,H,A,H,A,-118.7095718,34.1407814,28,0,GM,M,3,0
90486973,1,1,2017,1720,5,A,A,E,Y,M,A,N,R,1994,FORD,D,B,A,D,A,-118.1580564,34.16811132,56,0,GM,M,1,0
90529310,2,1,2017,1600,2,A,A,C,Y,M,A,N,H,2016,NISS,D,H,A,H,A,-118.4675405,34.17175777,20,0,GM,M,1,0
90613759,1,1,2017,650,1,A,A,E,Y,F,A,N,C,2004,CHEV,D,O,A,H,A,-118.28078,34.15201,29,0,GL,M,3,0
90644836,3,1,2018,940,6,A,A,C,N,F,A,G,A,2003,TOYT,D,H,A,H,A,-118.4459,34.04590988,64,0,GM,F,1,0
90692666,2,1,2018,1650,1,A,A,C,N,M,A,N,A,2014,FORD,D,A,A,H,A,-118.5944443,34.16889572,42,0,GM,M,1,0
90798055,2,1,2018,520,4,B,A,C,N,M,A,N,A,2015,NISS,D,W,A,H,C,-117.8715057,34.12066269,45,0,GM,M,1,0
90858191,2,1,2018,1520,1,A,A,C,N,M,A,N,A,2001,CHEVY,D,H,A,H,A,-118.0217285,34.14320755,43,0,GM,F,6,0
90990969,2,1,2019,525,3,B,A,C,N,M,A,N,A,2019,TOYOTA,D,B,A,H,B,-118.1521683,34.06806183,54,0,GM,M,1,0
90990969,2,2,2019,525,3,B,A,C,N,M,A,N,A,2019,TOYOTA,D,B,A,H,B,-118.1521683,34.06806183,51,0,GM,F,3,0
91122414,2,1,2019,1725,4,A,A,B,N,M,A,N,B,1995,TOYT,D,O,A,H,C,-118.603981,34.17055511,62,0,GM,M,1,0
8393180,2,1,2017,1600,4,A,A,D,N,M,A,N,B,2003,TOYOTA,D,H,A,H,A,-118.44874,34.17940007,57,0,GM,M,1,0
8542818,1,1,2018,540,3,A,A,D,Y,M,A,N,E,1994,CHEVROLET,D,H,A,H,C,-118.4455185,34.05833054,54,0,GM,M,3,0
8832611,2,1,2019,1715,5,A,A,D,N,M,A,N,B,2018,TOYOTA,D,H,A,H,A,-118.1841965,34.08628845,28,0,GM,M,1,0
8832611,2,2,2019,1715,5,A,A,D,N,M,A,N,B,2018,TOYOTA,D,H,A,H,A,-118.1841965,34.08628845,23,0,GM,F,3,0
8910988,1,1,2019,826,7,A,A,E,Y,M,B,N,B,2001,FORD,D,H,A,H,A,-117.8900604,34.133461,21,1,HL,M,1,2
8947922,2,1,2019,650,2,A,A,D,N,M,A,N,B,2004,TOYOTA,D,H,A,H,A,-118.0360107,34.57258987,49,0,GM,M,1,0
8947922,2,2,2019,650,2,A,A,D,N,M,A,N,B,2004,TOYOTA,D,H,A,H,A,-118.0360107,34.57258987,0,0,MQ,M,6,0
9021263,1,1,2019,1210,4,A,A,B,Y,M,A,N,L,2002,CHEVROLET,D,H,A,H,A,-118.2390366,33.93566132,57,0,GM,M,3,0
9024179,2,1,2019,930,1,C,A,D,N,M,A,N,B,2017,DODGE,D,H,B,H,A,-118.492897,34.05830383,26,0,GM,M,1,0
90590532,2,1,2017,2202,6,A,A,D,N,M,A,N,B,2017,CHEV,D,H,A,H,D,-117.969241,34.58512328,22,0,GL,M,1,0
90590532,2,2,2017,2202,6,A,A,D,N,M,A,N,B,2017,CHEV,D,H,A,H,D,-117.969241,34.58512328,39,0,GL,M,2,0
90629719,1,1,2017,1215,4,A,A,D,Y,M,A,N,E,2005,DODGE,D,W,A,H,A,-118.0650601,33.97051005,28,0,GM,M,0,0
90730532,1,1,2018,340,7,B,A,C,Y,M,A,N,B,2017,CHEV,D,H,A,H,C,-118.0978928,33.86322021,38,0,GL,M,1,0
90742729,2,1,2018,900,4,A,A,C,N,M,A,N,H,1987,CHEV,D,H,A,H,A,-118.4013824,34.1862793,20,0,GM,M,1,0
90742729,2,2,2018,900,4,A,A,C,N,M,A,N,H,1987,CHEV,D,H,A,H,A,-118.4013824,34.1862793,58,0,GM,M,3,0
90756542,2,1,2018,914,3,A,A,C,N,M,A,N,A,2005,TOYT,D,A,A,H,A,-117.9942703,34.02521133,40,0,GM,M,1,0
91093490,2,1,2019,2050,2,A,A,C,N,M,A,A,B,2019,FORD,D,H,A,H,D,-118.3703537,34.15306091,37,0,GL,M,1,0
91132895,2,1,2019,2210,7,A,A,D,N,F,A,N,G,2005,CHEV,D,H,A,H,C,-118.1686325,34.18791199,18,0,GM,M,3,0
91132895,2,2,2019,2210,7,A,A,D,N,F,A,N,G,2005,CHEV,D,H,A,H,C,-118.1686325,34.18791199,20,0,GM,F,1,0
8320253,2,1,2017,1601,5,A,A,H,N,M,A,N,D,2001,CHEVROLET,D,H,A,H,A,-118.1485001,34.1688401,17,0,GM,M,3,0
8320253,2,2,2017,1601,5,A,A,H,N,M,A,N,D,2001,CHEVROLET,D,H,A,H,A,-118.1485001,34.1688401,35,0,CP,M,2,0
8339771,2,1,2017,1530,5,A,A,D,N,M,A,N,B,2003,FORD,D,O,A,H,A,-118.4399801,34.18666008,45,0,GL,M,1,0
8382823,3,1,2017,1414,4,A,A,D,N,M,A,N,B,2016,NISSAN,D,H,A,H,A,-118.17752,33.89637009,56,0,GL,M,1,0
8552373,1,1,2018,1202,4,B,A,D,Y,M,A,ZZ,F,2005,CHEVROLET,D,H,A,H,A,-117.9040604,34.00388336,28,0,GM,M,3,0
8552373,1,2,2018,1202,4,B,A,D,Y,M,A,ZZ,F,2005,CHEVROLET,D,H,A,H,A,-117.9040604,34.00388336,26,0,GM,M,4,0
8552373,1,3,2018,1202,4,B,A,D,Y,M,A,ZZ,F,2005,CHEVROLET,D,H,A,H,A,-117.9040604,34.00388336,22,0,GM,M,6,0
8734085,1,1,2018,1704,5,A,A,D,Y,M,A,N,E,2004,TOYOTA,D,H,A,H,A,-117.9253769,34.10694122,25,0,GM,M,1,0
8792950,2,1,2019,1525,1,B,A,A,N,M,A,N,B,2015,CHEVROLET,D,W,A,H,A,-118.502388,34.25027084,49,0,GL,F,3,0
8804740,1,1,2019,730,1,A,A,F,Y,M,A,N,B,2007,TOYOTA,D,H,A,H,A,-118.2942581,34.23336029,44,0,GM,M,1,0
8804740,1,2,2019,730,1,A,A,F,Y,M,A,N,B,2007,TOYOTA,D,H,A,H,A,-118.2942581,34.23336029,33,0,GM,M,3,0
8841925,1,1,2019,740,4,A,A,D,Y,M,H,F,B,2001,GMC,D,H,A,H,A,-118.4293823,34.02365875,17,0,GM,M,1,0
9005781,2,1,2019,1649,6,A,A,B,N,M,A,N,B,2018,TOYOTA,D,H,A,H,A,-117.9851913,34.13949585,43,0,GM,F,3,0
9005781,2,2,2019,1649,6,A,A,B,N,M,A,N,B,2018,TOYOTA,D,H,A,H,A,-117.9851913,34.13949585,16,0,GM,F,4,0
9005781,2,3,2019,1649,6,A,A,B,N,M,A,N,B,2018,TOYOTA,D,H,A,H,A,-117.9851913,34.13949585,25,0,GM,F,6,0
9024183,1,1,2019,1345,5,A,A,D,N,M,A,N,E,2003,FORD,D,H,A,H,A,-118.4631119,34.07371902,29,0,GM,M,3,0
90678484,1,1,2018,1250,2,C,A,C,Y,M,A,N,B,2003,FORD,D,H,B,H,A,-118.4714584,34.18148041,47,0,GL,M,1,0
90782494,3,1,2018,1305,5,A,A,C,N,M,A,N,A,2016,TOYT,D,H,A,H,A,-118.3685303,33.93894196,58,0,GM,M,1,0
91063932,1,1,2019,1223,2,A,A,C,Y,M,A,N,A,2006,FORD,D,H,A,H,A,-118.0268402,34.09732056,90,0,GM,M,1,0
8332801,3,1,2017,1740,4,A,A,D,N,M,A,N,B,2000,FORD,D,H,A,H,A,-118.5885573,34.23300067,22,0,GM,M,1,0
8406353,1,1,2017,2205,6,A,A,C,Y,M,B,A,B,2014,TOYOTA,D,W,A,H,C,-118.5257269,34.43435347,29,0,GM,M,1,0
8412164,1,1,2017,1119,5,A,A,E,Y,M,G,N,B,1993,DODGE,D,W,A,H,A,-118.11333,34.69737,56,0,GM,M,6,0
8426460,2,1,2017,1805,1,A,A,C,N,M,A,N,A,2005,CHEVROLET,D,W,A,H,A,-118.6185348,34.18645,79,0,GM,M,3,0
8480955,1,1,2017,1330,4,A,A,C,Y,F,A,F,B,2001,FORD,D,H,A,H,A,-118.3351101,34.02400003,55,0,GM,F,1,0
8527262,1,1,2017,1640,3,A,A,C,Y,M,A,F,B,2001,FORD,D,W,A,H,B,-118.57099,34.20130459,69,0,GL,M,1,0
8548605,1,1,2018,1205,6,A,A,B,Y,F,A,N,B,1999,FORD,D,H,A,H,A,-118.5399933,34.23546982,22,0,GL,F,1,0
8781825,2,1,2018,2000,3,A,A,A,N,M,A,N,B,2010,TOYOTA,D,H,A,H,C,-118.4081802,34.28686142,18,0,GM,M,3,0
8817233,3,1,2019,1118,3,A,A,D,N,M,A,ZZ,B,2002,FORD,D,H,A,H,A,-118.1050262,33.97092438,72,0,GM,F,3,0
8861397,2,1,2019,1650,6,A,A,D,N,M,A,N,B,1998,TOYOTA,D,H,A,H,A,-118.3002472,33.98500824,28,0,GL,M,1,0
9009525,1,1,2019,1539,1,A,A,A,Y,F,A,O,B,2005,TOYOTA,D,W,A,H,A,-118.2869949,34.18235779,60,0,HM,F,1,0
9010974,1,1,2019,940,6,A,A,D,Y,M,A,N,B,2002,NISSAN,D,H,A,H,A,-118.4720917,34.22137833,47,0,GM,F,3,0
90410887,2,1,2017,1200,6,B,A,C,N,M,A,N,A,2001,FORD,D,A,A,H,A,-117.9286496,33.99095381,71,0,GM,M,1,0
90518797,1,1,2017,1520,7,A,A,D,N,F,A,N,B,2004,FORD,D,H,A,H,A,-117.8989801,34.09575007,65,0,GM,F,1,0
90576383,2,1,2017,319,6,A,A,C,N,M,A,N,B,1997,CHEV,D,W,A,H,C,-118.3705902,33.9119,32,1,GM,M,1,0
90576383,2,2,2017,319,6,A,A,C,N,M,A,N,B,1997,CHEV,D,W,A,H,C,-118.3705902,33.9119,33,1,GM,F,3,0
90702110,2,1,2018,725,1,A,A,C,N,M,A,N,B,2011,CHEV,D,H,A,H,A,-118.4271622,34.42365646,58,0,GM,M,1,0
90766400,1,1,2018,1940,2,A,A,E,Y,M,A,N,M,2005,TOYT,D,W,A,H,A,-118.378952,34.43492889,48,0,GM,M,1,0
90769347,2,1,2018,635,3,A,A,B,N,M,A,N,B,1996,DODG,D,H,A,H,A,-118.2678909,33.87311554,19,1,GM,M,1,0
90769347,2,2,2018,635,3,A,A,B,N,M,A,N,B,1996,DODG,D,H,A,H,A,-118.2678909,33.87311554,19,1,GM,M,3,0
90769347,2,3,2018,635,3,A,A,B,N,M,A,N,B,1996,DODG,D,H,A,H,A,-118.2678909,33.87311554,20,1,GM,M,2,0
90874023,1,1,2018,1140,1,A,A,D,Y,M,A,N,C,2019,NISS,D,W,A,D,A,-118.8126602,34.10326004,89,0,GL,M,1,0
91034804,2,1,2019,950,5,A,A,C,N,M,A,N,H,2006,CHEV,D,H,A,H,A,-117.8374252,34.12028503,36,0,GL,M,1,0
91112588,2,1,2019,735,7,A,A,B,N,M,A,N,B,2017,CHEV,D,H,A,H,A,-117.9340286,34.5800209,39,0,GM,M,1,0
8327558,2,1,2017,1634,3,A,A,C,N,M,A,N,B,2005,TOYOTA,D,H,A,H,A,-118.0090238,33.94974441,18,0,GM,M,3,0
8346953,2,1,2017,800,6,A,A,D,N,M,A,N,B,2000,FORD,D,H,A,H,A,-118.44925,34.27485006,41,0,GL,M,1,0
8371879,1,1,2017,955,7,A,A,C,Y,M,A,ZZ,B,2010,TOYOTA,D,H,A,H,A,-118.51006,34.18682,40,0,GL,M,1,0
8414868,1,1,2017,1609,4,A,A,D,Y,M,A,N,F,1999,FORD,D,H,A,H,A,-118.007749,34.104592,48,0,GL,M,1,0
8606664,2,1,2018,2333,7,A,A,D,N,M,A,N,B,2018,TOYOTA,D,W,A,H,C,-118.2990417,33.72700119,23,0,BL,M,1,0
8684483,1,1,2018,1030,6,A,A,D,Y,M,A,N,E,2007,CHEVROLET,D,W,A,H,A,-118.0052185,33.89889908,56,0,GM,M,1,0
8739994,1,1,2018,330,6,A,A,E,Y,M,A,N,B,2001,DODGE,D,H,A,H,C,-118.3269958,33.9454689,17,0,BM,M,1,0
8739994,1,2,2018,330,6,A,A,E,Y,M,A,N,B,2001,DODGE,D,H,A,H,C,-118.3269958,33.9454689,15,0,BM,M,3,0
90377741,2,1,2017,1535,6,A,A,C,N,M,A,N,A,2005,TOYO,D,H,A,H,A,-118.3171996,33.92563301,59,0,GM,M,1,0
90630748,2,1,2017,950,1,A,A,C,N,M,A,N,H,1994,TOYOTA,D,H,A,H,A,-118.1932621,33.87466377,20,0,GM,M,1,0
8293950,1,1,2017,2045,4,C,A,D,Y,M,A,N,E,2011,TOYOTA,D,H,B,H,C,-118.0653119,34.06271583,29,0,GM,M,1,0
8405812,2,1,2017,1740,1,A,A,C,N,M,C,N,B,2006,CHEVROLET,D,H,A,H,A,-118.4661667,34.21424479,48,0,GM,M,1,0
8405812,2,2,2017,1740,1,A,A,C,N,M,C,N,B,2006,CHEVROLET,D,H,A,H,A,-118.4661667,34.21424479,38,0,GM,F,3,0
8405812,2,3,2017,1740,1,A,A,C,N,M,C,N,B,2006,CHEVROLET,D,H,A,H,A,-118.4661667,34.21424479,11,0,GM,M,2,0
8528533,3,1,2017,2118,2,A,A,D,N,M,A,N,B,2005,CHEVROLET,D,H,A,H,C,-118.2169601,33.92865006,29,0,GM,M,3,0
8528533,3,2,2017,2118,2,A,A,D,N,M,A,N,B,2005,CHEVROLET,D,H,A,H,C,-118.2169601,33.92865006,8,0,MQ,F,4,0
8899134,1,1,2019,1630,3,A,A,E,Y,M,A,N,C,2005,FORD,D,W,A,H,A,-118.5838318,34.2681427,35,0,GL,M,1,0
90497181,1,1,2017,1915,3,A,A,C,N,F,A,N,H,2005,TOYOTA,D,O,A,H,B,-118.3460485,34.12802212,50,0,GM,F,1,0
90525993,2,1,2017,1400,1,A,A,D,N,M,A,N,B,2004,CHEV,D,W,A,H,A,-117.9749701,34.51040007,62,0,GL,M,3,0
91144957,3,1,2019,1150,4,A,A,C,N,M,A,N,A,2018,CHEV,D,H,A,H,A,-117.8991623,34.12116241,44,0,GM,M,1,0
8568586,1,1,2018,2210,2,A,A,E,Y,M,G,A,I,2004,NISSAN,D,H,A,H,C,-118.175827,33.97682571,21,1,HL,M,1,0
8670932,1,1,2018,1205,6,A,A,B,Y,M,A,N,B,2002,TOYOTA,D,H,A,H,A,-118.2915497,34.00263977,45,0,GL,M,3,0
8699844,2,1,2018,725,5,A,A,B,N,M,A,N,D,2002,TOYOTA,D,H,A,H,A,-118.3519974,34.02552795,52,0,GM,M,1,0
8766352,2,1,2018,1615,2,A,A,D,N,M,A,N,B,2017,FORD,D,B,A,H,A,-118.4487381,34.19390869,62,0,GM,M,1,0
8991273,1,1,2019,1620,6,A,A,D,Y,M,A,N,A,2004,CHEVROLET,D,H,A,H,A,-118.2433395,34.00392914,69,0,GM,F,6,0
8991273,1,2,2019,1620,6,A,A,D,Y,M,A,N,A,2004,CHEVROLET,D,H,A,H,A,-118.2433395,34.00392914,73,0,GM,M,3,0
90380639,1,1,2017,945,5,B,A,E,Y,M,A,N,B,2005,TOYOTA,D,O,B,H,A,-118.3422706,34.20544231,62,0,GL,F,3,0
90395110,1,1,2017,1000,1,C,A,D,Y,M,A,N,B,2005,TOYO,D,W,B,H,A,-118.4104913,34.22852831,61,0,GM,M,1,0
90636112,1,1,2017,420,7,E,A,E,Y,M,B,A,R,2001,CHEV,D,H,B,H,C,-118.1971284,33.86587835,23,1,HL,M,1,0
90647635,5,1,2018,1422,2,A,A,C,N,M,A,N,A,2001,CHEV,D,H,A,H,A,-118.468338,34.07520676,60,0,GM,M,1,0
8444798,1,1,2017,830,1,A,A,D,Y,M,A,N,B,1980,DATSUN,D,H,A,H,A,-118.2615501,34.03304002,38,0,GM,M,1,0
8572193,1,1,2018,1952,1,A,A,D,Y,M,A,N,B,2002,FORD,D,H,A,H,C,-118.0380096,33.88861084,23,0,GM,M,1,0
8705246,2,1,2018,1322,1,A,A,A,N,M,A,ZZ,B,2017,FORD,D,H,A,H,A,-117.950943,34.07823181,54,0,GL,M,1,0
8739959,2,1,2018,802,6,A,A,D,N,M,A,N,B,1998,GMC,D,B,A,H,A,-118.3382111,33.93095398,54,0,BL,M,1,0
8763905,2,1,2018,1925,4,A,A,C,N,M,A,N,H,2015,CHEVROLET,D,H,A,H,C,-118.0467911,34.04354858,36,0,GM,M,1,0
8763905,2,2,2018,1925,4,A,A,C,N,M,A,N,H,2015,CHEVROLET,D,H,A,H,C,-118.0467911,34.04354858,25,0,GM,M,3,0
8763905,2,3,2018,1925,4,A,A,C,N,M,A,N,H,2015,CHEVROLET,D,H,A,H,C,-118.0467911,34.04354858,24,0,GM,F,6,0
8770722,1,1,2018,945,2,A,A,C,Y,M,B,A,J,2006,NISSAN,D,H,A,H,A,-118.0726,33.91349,34,0,GL,M,1,0
8824832,3,1,2019,1835,6,A,A,D,N,M,A,N,A,2001,CHEVROLET,D,H,A,H,C,-118.2871475,33.9932518,25,0,GM,M,3,0
8839235,1,1,2019,2125,5,A,A,C,Y,M,B,A,B,1971,CHEVROLET,D,H,A,D,C,-118.2405472,34.0537529,51,0,AL,M,1,0
90843806,2,1,2018,700,2,A,A,C,N,M,A,H,A,2009,FORD,D,H,A,H,A,-118.1708527,33.94638824,40,0,GM,M,1,0
90935664,2,1,2019,1650,3,B,A,C,N,M,A,N,A,1991,GMC,D,H,A,H,A,-118.0634766,34.14858246,49,0,GM,M,1,0
90949806,2,1,2019,2020,4,A,A,B,N,M,A,N,B,2007,CHEV,D,H,A,H,C,-117.9991226,34.07413864,35,0,GL,M,1,0
90973187,1,1,2019,450,6,A,A,B,N,M,A,N,B,2004,TOYOTA,D,H,A,H,C,-118.2159042,34.0634079,52,0,GM,M,1,0
91118772,1,1,2019,15,7,A,A,C,Y,M,A,N,B,2015,TOYO,D,H,A,H,C,-118.3685532,33.94399643,37,0,GM,M,1,0
8395949,1,1,2017,1749,3,A,A,C,Y,M,A,E,B,2016,DODGE,D,O,A,H,A,-117.8716905,34.00228231,10,0,GM,M,4,0
8395949,1,2,2017,1749,3,A,A,C,Y,M,A,E,B,2016,DODGE,D,O,A,H,A,-117.8716905,34.00228231,12,0,GM,F,6,0
8826888,2,1,2019,1528,1,A,A,D,N,M,A,N,B,2006,GMC,D,H,A,H,A,-118.2810669,34.01781845,43,0,GM,M,1,0
90400334,1,1,2017,2043,5,B,A,E,Y,F,A,N,B,2006,NISS,D,H,B,H,D,-118.7574069,34.66197322,25,0,GL,F,1,0
90513488,1,1,2017,1608,4,A,A,C,N,M,A,N,A,2007,CHEV,D,H,A,H,A,-118.28151,34.00405,51,0,GM,M,1,0
90869693,2,1,2018,1120,2,A,A,C,N,M,A,G,A,2007,TOYO,D,H,A,H,A,-118.0419312,34.06882477,22,0,GM,M,1,0
90888209,2,1,2018,600,3,A,A,C,N,M,A,N,A,2012,FORD,D,W,A,H,D,-118.4681625,34.15270615,52,0,GM,M,1,0
81056902,2,1,2019,910,4,A,A,B,N,M,A,N,A,2011,FORD,D,H,A,H,A,-118.3439636,33.96837234,27,0,GM,M,1,0
8353186,1,1,2017,1500,2,A,A,D,Y,M,A,N,E,2004,FORD,D,H,A,H,A,-118.39079,34.14267003,19,0,GM,M,1,0
8353186,1,2,2017,1500,2,A,A,D,Y,M,A,N,E,2004,FORD,D,H,A,H,A,-118.39079,34.14267003,38,0,GL,M,3,0
8401827,2,1,2017,1722,2,A,A,D,N,M,A,N,B,1995,FORD,D,H,A,H,A,-118.0520901,33.94412004,35,0,GL,M,1,0
8406127,1,1,2017,825,2,A,A,C,Y,M,A,N,H,2015,DODGE,D,H,A,H,A,-118.4722955,34.41568513,30,0,GM,M,1,0
8455642,2,1,2017,900,6,A,A,D,N,M,A,N,B,1992,FORD,D,B,A,H,A,-118.25473,33.91242012,52,0,GM,M,1,3
8652936,1,1,2018,1437,2,A,A,D,Y,M,A,N,L,2002,NISSAN,D,H,A,H,A,-118.09655,33.9352684,50,0,GM,M,1,0
8677027,1,1,2018,2005,6,A,A,D,Y,M,A,N,E,2012,CHEVROLET,D,W,A,H,B,-118.2647629,34.0709877,55,0,GM,F,3,0
8783882,2,1,2019,1211,1,C,A,B,N,M,A,N,B,1993,TOYOTA,D,H,B,H,A,-118.3865891,33.81539917,37,0,GP,M,1,0
8856735,1,1,2019,1910,1,A,A,D,Y,M,A,N,E,1995,DODGE,D,H,A,H,B,-118.3002319,34.02914047,50,0,GM,M,1,0
90544120,2,1,2017,1450,5,A,A,C,N,M,A,N,A,2015,CHEV,D,H,A,H,A,-118.0892112,34.07185303,39,0,GM,M,1,0
90864522,2,1,2018,1400,2,A,A,C,N,M,A,N,B,1998,TOYT,D,H,A,H,A,-118.1295166,33.91298676,52,0,GM,M,1,0
8331302,2,1,2017,925,4,A,A,D,N,M,A,N,B,2016,TOYOTA,D,H,A,H,A,-118.3002301,34.02551,24,0,GL,M,1,0
8397857,2,1,2017,920,3,A,A,D,N,M,A,N,B,2002,FORD,D,W,A,H,A,-118.2924215,33.75383,63,0,GM,M,1,0