case_id,party_number,victim_number,accident_year,collision_time,day_of_week,weather_1,primary_coll_factor,type_of_collision,at_fault,party_sex,party_soberiety,oaf_1,move_pre_acc,vehicle_year,vehicle_make,stwd_vehicle_type,race,road_surface,road_cond_1,lighting,point_x,point_y,victim_age,severe_injury,safety_equip_used,victim_sex,victim_seating_postion,victim_ejected
8841838,2,1,2019,1130,1,A,A,B,N,M,A,N,B,2014,FORD,D,W,A,H,A,-118.3380966,34.10427475,39,0,GM,M,3,0
8841838,2,2,2019,1130,1,A,A,B,N,M,A,N,B,2014,FORD,D,W,A,H,A,-118.3380966,34.10427475,48,0,GM,M,6,0
8885114,2,1,2019,2336,6,A,A,A,N,M,C,N,B,2006,CHEVROLET,D,B,A,H,C,-118.3004074,33.90550995,52,0,GM,M,1,0
8937590,2,1,2019,1515,2,A,A,B,N,M,A,N,B,1990,NISSAN,D,H,A,H,A,-118.1179886,33.96950912,29,0,GM,M,1,0
8970857,2,1,2019,630,2,A,A,C,N,M,A,N,B,2006,FORD,D,W,A,H,B,-118.7743835,34.02569962,55,0,GM,M,1,3
8987664,2,1,2019,1517,4,A,A,D,N,F,A,N,B,2004,GMC,D,W,A,H,A,-118.1837082,34.68214035,24,0,GL,F,3,0
90408341,1,1,2017,1925,1,A,A,C,Y,M,A,N,B,2005,TOYT,D,B,A,H,C,-117.9319374,34.13014005,56,0,GM,M,1,0
90424105,1,1,2017,1230,1,A,A,A,Y,F,A,N,E,2006,TOYO,D,W,A,H,A,-117.9837701,34.54287009,42,0,GL,F,1,0
90678612,1,1,2018,1125,5,B,A,E,Y,M,A,N,B,2005,CHEV,D,H,B,H,A,-118.5473328,34.27413177,24,0,GM,M,1,0
90914345,2,1,2019,700,1,A,A,C,N,M,A,N,H,2000,NISSAN,D,H,A,H,A,-117.7854156,34.05784607,46,0,GM,M,1,0
91081236,2,1,2019,1455,1,A,A,B,N,M,A,N,B,2019,RAM,D,H,A,D,A,-117.8451309,34.06831741,31,0,GM,M,1,0
91081236,2,2,2019,1455,1,A,A,B,N,M,A,N,B,2019,RAM,D,H,A,D,A,-117.8451309,34.06831741,36,0,GM,M,3,0
91117348,1,1,2019,1000,2,A,A,D,Y,M,A,N,J,2019,CHEV,D,A,A,H,A,-118.384903,34.27589798,52,0,GL,M,3,0
91117348,2,1,2019,1000,2,A,A,D,N,M,A,N,B,2016,CHEV,D,H,A,H,A,-118.384903,34.27589798,31,0,GL,M,3,0
91117348,2,2,2019,1000,2,A,A,D,N,M,A,N,B,2016,CHEV,D,H,A,H,A,-118.384903,34.27589798,27,0,GL,M,1,0
8385010,1,1,2017,1720,1,A,A,D,Y,M,A,A,B,2013,TOYOTA,D,O,A,H,A,-118.2929001,34.0636201,66,0,GM,M,1,0
8654788,2,1,2018,2027,4,A,A,D,N,M,A,N,B,2012,FORD,D,H,A,H,B,-118.1757584,34.06890869,59,0,GL,M,1,0
8804925,2,1,2019,1805,3,A,A,D,N,F,A,N,B,2002,TOYOTA,D,H,A,H,C,-118.4131927,34.24092102,47,0,GM,F,2,0
8804925,2,2,2019,1805,3,A,A,D,N,F,A,N,B,2002,TOYOTA,D,H,A,H,C,-118.4131927,34.24092102,40,0,GM,M,3,0
8808472,1,1,2019,205,7,A,A,E,Y,M,B,A,B,2006,TOYOTA,D,H,A,H,C,-117.8790131,34.03480148,26,1,BL,M,1,0
8835812,4,1,2019,1950,1,A,A,C,N,F,A,N,A,2002,TOYOTA,D,H,A,H,C,-118.4747467,34.19390869,11,0,GM,F,3,0
90437673,3,1,2017,2045,1,A,A,C,N,M,A,N,B,2005,FORD,D,W,A,H,D,-117.7129491,34.08196471,49,0,GM,F,3,0
90682394,2,1,2018,2000,7,A,A,D,N,M,A,N,B,2002,CHEV,D,W,A,H,C,-118.144783,34.15166855,51,0,GM,M,1,0
90682394,2,2,2018,2000,7,A,A,D,N,M,A,N,B,2002,CHEV,D,W,A,H,C,-118.144783,34.15166855,54,0,GM,M,3,0
90773729,2,1,2018,1630,5,A,A,A,N,F,A,N,B,2002,GMC,D,W,A,H,A,-118.2614746,34.60907364,49,1,GL,F,1,0
90785873,2,1,2018,720,3,A,A,C,N,M,A,N,B,2016,FORD,D,W,A,H,A,-118.2749939,33.8727684,63,0,GM,M,1,0
90806011,2,1,2018,804,5,A,A,C,N,M,A,G,H,2003,DODG,D,H,A,H,A,-117.9167862,34.12705612,50,0,GM,M,1,0
91067790,2,1,2019,2030,1,A,A,C,N,M,A,N,H,2000,FORD,D,B,A,H,C,-118.2922363,33.93098068,66,0,GM,M,1,0
8596324,1,1,2018,1615,1,A,A,D,Y,M,A,ZZ,E,2016,DODGE,D,W,A,H,A,-118.501358,34.21791077,34,0,GL,M,1,0
8628786,2,1,2018,1342,2,A,A,D,N,F,A,N,B,2006,GMC,D,W,A,H,A,-118.2364883,34.66751862,52,0,GL,F,1,0
8701256,2,1,2018,532,2,A,A,A,N,M,A,ZZ,B,2004,TOYOTA,D,H,A,H,A,-118.5797729,34.23910904,58,0,GL,M,1,0
8801882,1,1,2019,2356,4,A,A,A,Y,M,A,N,B,1990,CHEVROLET,D,H,A,H,C,-118.2145996,33.95492554,39,0,GM,M,2,0
8885427,2,1,2019,1718,5,A,A,A,N,M,A,N,B,1998,DODGE,D,H,A,H,A,-118.112535,34.682173,19,0,GM,M,1,0
8885427,2,2,2019,1718,5,A,A,A,N,M,A,N,B,1998,DODGE,D,H,A,H,A,-118.112535,34.682173,19,0,GM,M,3,0
9000353,2,1,2019,1847,3,B,A,A,N,M,A,N,D,2018,CHEVROLET,D,H,B,H,C,-118.1461792,34.16888046,11,0,EM,F,3,0
9000353,2,2,2019,1847,3,B,A,A,N,M,A,N,D,2018,CHEVROLET,D,H,B,H,C,-118.1461792,34.16888046,3,0,PQ,F,6,0
9010616,1,1,2019,1249,6,B,A,D,N,M,A,N,B,2004,CHEVROLET,D,B,A,H,A,-118.3046417,33.97090912,63,0,GM,M,1,0
9010616,1,2,2019,1249,6,B,A,D,N,M,A,N,B,2004,CHEVROLET,D,B,A,H,A,-118.3046417,33.97090912,61,0,GM,M,3,0
9023104,1,1,2019,1310,2,A,A,D,Y,M,A,N,D,2017,DODGE,D,W,A,H,A,-118.5139389,34.41593933,54,0,GM,M,4,0
9023104,1,2,2019,1310,2,A,A,D,Y,M,A,N,D,2017,DODGE,D,W,A,H,A,-118.5139389,34.41593933,12,0,GM,M,3,0
90741785,1,1,2018,1325,4,A,A,C,N,M,A,N,H,2005,TOYT,D,H,A,H,A,-118.2724457,34.0377121,38,0,GM,M,1,0
90816766,2,1,2018,2340,7,A,A,D,N,M,A,N,B,2005,FORD,D,H,A,H,C,-118.1789932,34.0165596,24,0,GM,M,1,0
8374685,2,1,2017,2105,7,A,A,C,N,M,A,N,A,2016,TOYOTA,D,A,A,H,A,-117.9237877,34.0114068,26,0,GM,M,3,0
8382859,2,1,2017,2150,5,A,A,D,N,M,A,N,B,1997,CHEVROLET,D,H,A,H,C,-118.17752,33.89637009,41,0,GL,M,1,0
8382859,2,2,2017,2150,5,A,A,D,N,M,A,N,B,1997,CHEVROLET,D,H,A,H,C,-118.17752,33.89637009,39,0,GL,M,3,0
8486147,2,1,2017,1250,1,A,A,D,N,M,A,N,B,2007,NISSAN,D,W,A,H,A,-118.2608801,34.06815006,28,0,GM,M,1,0
8699856,1,1,2018,715,4,A,A,C,Y,M,A,N,J,1988,TOYOTA,D,B,A,H,A,-118.3024826,34.02552032,58,0,HP,M,1,0
8759837,1,1,2018,15,5,A,A,A,Y,M,G,N,B,2007,NISSAN,D,H,B,H,D,-118.050621,34.54273987,33,0,GL,M,1,0
8967666,1,1,2019,2025,7,A,A,D,Y,M,A,N,B,2006,FORD,D,H,A,H,C,-118.1477737,34.61661148,19,0,GM,F,3,0
8991242,2,1,2019,830,4,A,A,A,N,F,A,N,B,2009,TOYOTA,D,H,A,H,A,-118.2695236,33.94377136,37,0,GM,F,1,0
8991242,2,2,2019,830,4,A,A,A,N,F,A,N,B,2009,TOYOTA,D,H,A,H,A,-118.2695236,33.94377136,17,0,GM,F,3,0
8991242,2,3,2019,830,4,A,A,A,N,F,A,N,B,2009,TOYOTA,D,H,A,H,A,-118.2695236,33.94377136,15,0,GM,F,3,0
90375330,1,1,2017,645,2,A,A,C,Y,F,A,N,B,2012,FORD,D,H,A,H,A,-118.1043945,33.92380792,18,0,HP,M,0,0
90985936,3,1,2019,1525,3,A,A,B,N,M,A,N,B,2016,TOYO,D,H,A,H,A,-118.3252869,34.19016266,41,0,GM,M,1,0
8542846,1,1,2018,850,5,B,A,D,Y,M,A,N,E,2005,FORD,D,H,A,H,B,-118.4312668,34.19393921,29,0,GM,M,1,0
8568099,2,1,2018,1213,2,A,A,A,N,M,A,N,A,2001,CHEVROLET,D,W,A,H,A,-118.1589279,33.7958107,30,0,GM,M,1,0
8677971,2,1,2018,830,5,A,A,D,N,M,C,N,D,1995,DODGE,D,H,A,H,A,-118.3711395,33.94538879,43,0,GM,M,1,3
8778748,2,1,2018,545,2,A,A,D,N,M,A,N,B,2017,FORD,D,H,A,H,C,-118.6060486,34.25719833,46,0,GL,M,3,0
8778748,2,2,2018,545,2,A,A,D,N,M,A,N,B,2017,FORD,D,H,A,H,C,-118.6060486,34.25719833,63,0,GL,M,6,0
8841768,1,1,2019,1050,6,A,A,D,Y,M,A,N,E,1995,TOYOTA,D,H,A,H,A,-118.4310074,33.98181534,75,0,GM,M,1,0
8931178,1,1,2019,700,3,A,A,E,Y,M,A,N,C,2003,FORD,D,H,A,H,A,-118.4777756,34.17635727,38,0,GL,M,1,0
9024179,1,1,2019,930,1,C,A,D,Y,M,A,N,B,2013,FORD,D,H,B,H,A,-118.492897,34.05830383,40,0,GL,M,1,0
90715208,1,1,2018,28,2,A,A,B,Y,M,A,L,R,2007,CHEV,D,O,A,H,D,-117.8493576,34.11751556,41,0,GL,M,1,0
90901869,1,1,2019,1540,6,B,A,D,Y,M,A,N,R,1999,FORD,D,H,B,H,A,-118.5398865,34.27464676,13,0,GL,M,3,0
90901869,1,2,2019,1540,6,B,A,D,Y,M,A,N,R,1999,FORD,D,H,B,H,A,-118.5398865,34.27464676,15,0,GL,F,6,0
91133185,2,1,2019,730,1,A,A,C,N,M,A,N,H,2019,TOYO,D,H,A,H,A,-118.2678909,34.15566254,41,0,GL,M,1,0
8509040,1,1,2017,1645,5,A,A,D,N,M,A,N,E,2016,CHEVROLET,D,A,A,H,A,-117.9582301,34.01981012,54,0,GL,M,3,0
8509040,1,2,2017,1645,5,A,A,D,N,M,A,N,E,2016,CHEVROLET,D,A,A,H,A,-117.9582301,34.01981012,55,0,GL,M,1,0
8676858,2,1,2018,1600,4,A,A,D,N,M,A,N,B,2015,FORD,D,H,A,H,A,-118.4217606,34.27793503,64,0,GM,M,1,0
8845614,2,1,2019,2005,3,A,A,B,Y,M,A,N,A,2017,NISSAN,D,H,A,H,C,-118.4312363,34.20119095,47,0,GL,F,1,0
8858916,2,1,2019,1515,4,A,A,A,N,F,A,N,E,2010,NISSAN,D,W,A,H,A,-118.8014526,34.1524086,33,0,GM,F,2,0
8912135,2,1,2019,1255,1,A,A,D,N,M,A,N,B,2018,DODGE,D,H,A,H,A,-118.0872421,33.95264816,25,0,GM,M,1,0
90678484,3,1,2018,1250,2,C,A,C,N,M,A,N,A,1994,FORD,D,H,B,H,A,-118.4714584,34.18148041,53,0,GM,M,1,0
90678484,3,2,2018,1250,2,C,A,C,N,M,A,N,A,1994,FORD,D,H,B,H,A,-118.4714584,34.18148041,21,0,GM,M,3,0
90799699,1,1,2018,244,5,A,A,C,Y,M,B,A,B,2002,CHEV,D,H,A,H,C,-118.2463989,33.9285965,38,0,GL,M,1,0
90866892,1,1,2018,555,7,A,A,E,Y,M,A,N,C,2017,CHEV,D,H,A,H,C,-118.0165176,34.02919006,48,0,GP,M,1,0
90977432,3,1,2019,1410,5,A,A,C,Y,F,A,N,B,2004,NISS,D,W,A,H,A,-118.2607651,34.05156708,24,0,GM,F,1,0
91117666,2,1,2019,1250,4,A,A,D,N,M,A,H,E,2011,FORD,D,W,A,H,A,-118.6069794,34.44234848,47,0,GL,M,1,0
91117666,2,2,2019,1250,4,A,A,D,N,M,A,H,E,2011,FORD,D,W,A,H,A,-118.6069794,34.44234848,43,0,GL,F,3,0
8372963,2,1,2017,1523,1,A,A,C,N,M,A,N,A,2006,CHEVROLET,D,W,A,H,A,-118.39332,33.93084709,55,0,GM,M,1,0
8420298,1,1,2017,700,1,A,A,C,Y,M,A,ZZ,B,2006,HONDA,D,W,A,H,A,-118.0410905,34.68996014,82,0,GL,M,1,0
8471182,2,1,2017,838,2,A,A,D,N,M,A,N,B,2000,NISSAN,D,H,A,H,A,-118.0074601,34.14253001,32,0,GM,F,3,0
8496154,2,1,2017,1100,6,A,A,D,N,M,A,N,B,1993,NISSAN,D,W,A,H,A,-118.5022001,34.27205001,43,0,HP,M,1,0
8590287,1,1,2018,1100,2,C,A,B,Y,M,A,F,F,1997,FORD,D,H,B,H,A,-118.4392395,34.13159561,27,0,GM,M,1,0
8590287,1,2,2018,1100,2,C,A,B,Y,M,A,F,F,1997,FORD,D,H,B,H,A,-118.4392395,34.13159561,45,0,GM,M,2,0
8590287,1,3,2018,1100,2,C,A,B,Y,M,A,F,F,1997,FORD,D,H,B,H,A,-118.4392395,34.13159561,998,0,GM,M,3,0
8767285,2,1,2018,1140,5,A,A,D,N,M,A,N,B,2015,CHEVROLET,D,O,A,H,A,-118.5622482,34.19382095,22,0,GM,M,1,0
90502096,2,1,2017,1605,4,A,A,C,N,F,A,N,A,2009,CHEV,D,H,A,H,A,-118.4426274,34.04243667,48,0,GM,F,1,0
90674192,2,1,2018,620,4,A,A,C,N,M,A,N,A,1990,CHEV,D,H,A,H,B,-118.2025909,34.02909088,35,0,GP,M,1,0
90681212,1,1,2018,1324,5,A,A,C,Y,M,A,G,B,2005,TOYT,D,H,A,H,A,-118.123848,34.07144547,54,1,BM,M,1,0
90839507,2,1,2018,635,1,A,A,C,N,M,A,N,H,2002,FORD,D,H,A,H,A,-118.279686,33.85289764,49,0,GM,M,1,0
8521338,2,1,2017,1119,4,A,A,C,N,M,A,N,B,2006,NISSAN,D,H,A,H,A,-118.17957,33.92374,41,0,GL,M,1,0
8799851,2,1,2018,650,5,A,A,D,N,M,A,N,B,2000,FORD,D,H,A,H,A,-118.4487686,34.21720886,55,0,GL,M,1,0
8850578,2,1,2019,1730,2,A,A,D,N,M,A,N,B,1995,TOYOTA,D,H,A,H,A,-118.4159698,33.93146133,54,0,GM,M,1,0
90548188,1,1,2017,1955,6,A,A,C,Y,M,A,N,J,2002,TOYT,D,O,A,H,D,-118.4215914,34.01597937,73,0,GM,M,1,0
90812703,1,1,2018,730,6,A,A,E,Y,M,A,N,R,2003,NISS,D,H,A,H,A,-118.228714,34.02855682,44,0,GL,M,3,0
91122522,2,1,2019,527,3,A,A,C,N,M,A,N,H,2018,TOYT,D,W,A,H,D,-118.6990662,34.14704514,58,0,GL,M,1,0
8445727,1,1,2017,220,6,A,A,E,Y,M,B,A,B,2001,CHEVROLET,D,H,A,H,C,-118.0934212,34.06265,18,0,GL,M,3,0
8445727,1,2,2017,220,6,A,A,E,Y,M,B,A,B,2001,CHEVROLET,D,H,A,H,C,-118.0934212,34.06265,17,0,GM,M,6,0
8526904,2,1,2017,1121,3,A,A,D,N,F,A,N,E,1997,FORD,D,W,A,H,A,-118.1157801,33.96707003,65,0,GM,M,3,0
8534692,2,1,2017,1801,1,A,A,H,N,M,A,N,B,2014,DODGE,D,W,A,H,C,-118.6059101,34.1937501,30,0,GM,M,1,0
8773617,2,1,2018,1610,2,A,A,B,N,M,A,N,E,1995,FORD,D,W,A,H,A,-117.7540131,34.07323837,44,0,GM,M,1,0
8857184,2,1,2019,1705,6,A,A,D,N,M,A,N,B,1994,FORD,D,H,A,H,A,-118.3790283,34.15764999,47,0,GM,M,1,0
8941690,1,1,2019,2030,7,A,A,G,N,M,G,N,R,1997,DODGE,D,H,A,H,C,-118.2542419,33.93312073,53,0,GL,F,3,0
8947684,1,1,2019,1353,2,B,A,C,Y,M,A,N,H,2006,TOYOTA,D,H,A,H,A,-118.3178177,33.85825348,47,0,GL,M,1,0
9021840,2,1,2019,947,6,A,A,D,N,M,A,N,B,2016,TOYOTA,D,H,A,H,A,-118.0640717,33.94179916,7,0,LQ,M,4,0
9021840,2,2,2019,947,6,A,A,D,N,M,A,N,B,2016,TOYOTA,D,H,A,H,A,-118.0640717,33.94179916,11,0,LQ,M,6,0
9021840,2,3,2019,947,6,A,A,D,N,M,A,N,B,2016,TOYOTA,D,H,A,H,A,-118.0640717,33.94179916,34,0,GL,M,1,0
9021840,2,4,2019,947,6,A,A,D,N,M,A,N,B,2016,TOYOTA,D,H,A,H,A,-118.0640717,33.94179916,34,0,GL,F,3,0
90383303,1,1,2017,1200,7,B,A,E,Y,M,A,N,B,2003,TOYT,D,H,B,H,A,-118.7558821,34.66032211,68,0,GM,F,3,0
91041099,1,1,2019,1530,1,A,A,F,Y,M,G,N,M,2006,MAZD,D,H,A,H,A,-117.8264618,34.55677032,57,1,HL,M,1,1
8285721,1,1,2017,500,3,C,A,E,Y,F,A,A,B,2004,NISSAN,D,H,B,H,C,-118.5941909,34.19376088,16,0,GM,F,1,0
8451554,3,1,2017,1750,2,A,A,C,N,M,A,N,A,2003,CHEVROLET,D,H,A,H,A,-118.4148497,34.18668,37,0,GM,M,1,0
8666924,2,1,2018,900,6,A,A,D,N,M,A,N,B,2007,CHEVROLET,D,W,A,H,A,-118.2982864,34.03713989,20,0,GM,M,4,0
8666924,2,2,2018,900,6,A,A,D,N,M,A,N,B,2007,CHEVROLET,D,W,A,H,A,-118.2982864,34.03713989,18,0,GM,F,5,0
8666924,2,3,2018,900,6,A,A,D,N,M,A,N,B,2007,CHEVROLET,D,W,A,H,A,-118.2982864,34.03713989,19,0,GM,F,3,0
8926354,2,1,2019,921,4,B,A,D,N,M,A,N,B,2000,CHEVROLET,D,W,A,H,A,-118.1480484,34.08000946,69,0,GM,M,1,0
90442848,1,1,2017,1650,1,A,A,C,Y,M,A,G,B,2001,FORD,D,O,A,H,A,-118.1733536,33.99075611,17,0,GP,M,4,0
90442848,1,2,2017,1650,1,A,A,C,Y,M,A,G,B,2001,FORD,D,O,A,H,A,-118.1733536,33.99075611,18,0,GL,F,3,0
90540106,2,1,2017,1705,3,A,A,B,N,M,A,N,B,2008,FORD,D,W,A,H,A,-118.1530026,34.63111006,50,0,GM,M,1,0
90568768,2,1,2017,735,3,A,A,C,N,M,A,N,A,2008,TOYOTA,D,O,A,H,A,-118.3568002,34.15309602,49,0,GM,M,1,0
90705677,2,1,2018,1045,5,A,A,C,N,M,A,N,H,2015,RAM,D,H,A,H,A,-118.2019958,33.92121887,66,0,GM,M,3,0
90742517,2,1,2018,1545,5,A,A,B,N,F,A,N,B,2002,FORD,D,W,A,H,A,-118.2842178,33.79423141,25,0,GL,F,1,0
90774800,2,1,2018,1420,2,A,A,C,N,M,A,N,A,2010,FORD,D,H,A,H,A,-118.4061661,34.20655441,32,0,GM,M,1,0
91094108,2,1,2019,5,7,B,A,D,N,M,A,N,B,2011,TOYT,D,H,A,H,C,-117.7511444,34.02347565,42,0,GL,M,1,0
91094108,2,2,2019,5,7,B,A,D,N,M,A,N,B,2011,TOYT,D,H,A,H,C,-117.7511444,34.02347565,34,0,GL,F,3,0
91094108,2,3,2019,5,7,B,A,D,N,M,A,N,B,2011,TOYT,D,H,A,H,C,-117.7511444,34.02347565,7,1,LU,F,4,0
8510241,2,1,2017,2346,3,A,A,D,N,F,A,N,B,2004,CHEVROLET,D,H,A,H,C,-117.9539601,34.03029004,33,0,GM,F,1,0
8528431,1,1,2018,1237,7,B,A,B,Y,M,A,N,J,2016,FORD,D,W,A,H,A,-118.060318,34.13142395,36,0,GM,F,3,0
8646262,2,1,2018,1322,4,A,A,A,N,M,A,N,B,2015,RAM,D,H,A,H,A,-118.0424423,34.05184937,8,0,GM,M,6,0
8646262,2,2,2018,1322,4,A,A,A,N,M,A,N,B,2015,RAM,D,H,A,H,A,-118.0424423,34.05184937,6,0,GM,M,4,0
8646262,2,3,2018,1322,4,A,A,A,N,M,A,N,B,2015,RAM,D,H,A,H,A,-118.0424423,34.05184937,26,0,GM,F,3,0
8670963,2,1,2018,1215,6,A,A,D,N,M,A,N,B,2005,FORD,D,H,A,H,A,-118.4693146,34.15433121,39,0,GM,F,3,0
8670963,2,2,2018,1215,6,A,A,D,N,M,A,N,B,2005,FORD,D,H,A,H,A,-118.4693146,34.15433121,15,0,GM,M,6,0
8704252,1,1,2018,305,6,A,A,E,Y,M,A,A,B,2005,TOYOTA,D,H,A,G,C,-117.9501953,34.13983917,47,1,GL,M,1,0
8836314,1,1,2019,940,5,A,A,D,Y,F,A,N,B,2014,TOYOTA,D,H,A,H,A,-118.5360489,34.20840836,36,0,GL,F,1,0
8881496,1,1,2019,2307,3,A,A,E,Y,M,A,A,M,2005,CHEVROLET,D,H,A,H,C,-118.0922394,33.99744797,59,0,GL,M,1,0
8947738,2,1,2019,905,5,A,A,C,N,M,A,N,B,2014,CHEVROLET,D,W,A,H,A,-118.4988327,34.42076492,66,0,GM,M,1,0
90739039,1,1,2018,2009,4,A,A,C,Y,M,A,N,B,2007,DODGE,D,H,A,H,C,-118.4767761,34.30043411,24,0,GM,M,1,0
90769652,1,1,2018,21,4,A,A,E,Y,M,B,A,B,2015,CHEV,D,H,A,H,C,-118.0663528,34.02806091,21,0,GL,M,1,0
90970759,1,1,2019,1808,6,A,A,C,Y,M,B,A,B,2004,FORD,D,H,A,H,A,-118.1188736,33.91350174,34,0,GL,M,1,0
91088800,1,1,2019,1815,3,A,A,E,Y,M,B,A,R,1974,CHEV,D,H,A,H,A,-118.2034988,34.09851456,62,1,GP,M,1,0
8195284,2,1,2017,1350,6,A,A,C,N,M,A,N,A,2015,WHITE GMC,D,W,A,H,A,-118.4836801,34.21567006,39,0,GM,M,1,0
8195284,2,2,2017,1350,6,A,A,C,N,M,A,N,A,2015,WHITE GMC,D,W,A,H,A,-118.4836801,34.21567006,26,0,GM,M,4,0
8195284,2,3,2017,1350,6,A,A,C,N,M,A,N,A,2015,WHITE GMC,D,W,A,H,A,-118.4836801,34.21567006,23,0,GM,M,3,0
8195284,2,4,2017,1350,6,A,A,C,N,M,A,N,A,2015,WHITE GMC,D,W,A,H,A,-118.4836801,34.21567006,36,0,GM,M,6,0
8195284,2,5,2017,1350,6,A,A,C,N,M,A,N,A,2015,WHITE GMC,D,W,A,H,A,-118.4836801,34.21567006,23,0,GM,M,5,0
8494672,2,1,2017,1420,1,A,A,D,N,M,A,N,B,2015,CHEVROLET,D,B,A,H,A,-118.3817711,34.15458506,23,0,GL,M,1,0
8547660,1,1,2018,1115,4,B,A,D,Y,M,A,N,E,1993,TOYOTA,D,H,A,H,A,-118.562294,34.22795486,18,0,GP,M,3,0
8561192,1,1,2018,1915,1,A,A,D,Y,M,A,N,F,2000,CHEVROLET,D,H,A,H,C,-118.4231262,34.23929977,18,0,GM,M,1,0
8697356,1,1,2018,1210,3,A,A,C,Y,M,A,N,J,1993,GMC,D,B,A,H,A,-118.0222473,33.88803101,42,0,CN,M,1,3
90384958,2,1,2017,840,1,A,A,C,N,M,A,N,A,2011,TOYOTA,D,W,A,H,A,-118.2944133,34.23476374,72,0,GM,M,1,0
90466420,3,1,2017,835,2,B,A,C,Y,M,A,N,B,1997,CHEV,D,W,A,H,A,-118.2716352,34.12115716,42,0,GL,M,1,0
90561697,2,1,2017,2335,2,A,A,C,N,F,A,N,B,2003,FORD,D,H,A,H,C,-118.4389428,34.26049751,42,0,GM,F,1,0
90573322,1,1,2017,1930,7,A,A,C,Y,M,A,N,H,2015,CHEV,D,O,A,H,A,-118.4725621,34.2481439,61,0,GL,M,1,0
90848079,3,1,2018,830,6,A,A,D,N,M,A,N,H,2008,TOYT,D,H,A,H,A,-117.9665985,34.1354332,66,0,GM,M,1,0
90639891,3,1,2018,1255,5,A,A,C,N,M,A,N,H,2003,FORD,D,H,A,H,A,-117.8627701,33.95365524,42,0,GM,M,1,0
90665302,3,1,2018,900,3,B,A,C,N,F,A,N,H,2016,RAM,D,O,A,H,A,-118.3555069,34.21824265,67,0,GM,F,1,0
90724843,1,1,2018,200,6,A,A,E,Y,M,G,H,R,2002,FORD,D,H,A,H,C,-118.1815033,34.03311157,30,1,HL,M,1,0
91020698,2,1,2019,500,3,A,A,C,N,M,A,N,H,2016,CHEV,D,W,A,H,D,-117.8969193,34.12112045,36,0,GL,M,1,0
91160951,1,1,2019,150,4,C,A,E,Y,M,B,A,R,2001,TOYO,D,H,B,H,C,-118.4928741,34.01225662,47,0,GL,M,1,0
8478004,2,1,2017,1800,5,A,A,A,N,M,A,N,B,1998,TOYOTA,D,H,A,H,B,-118.4052601,34.18306004,38,0,GM,M,1,3
8478004,2,2,2017,1800,5,A,A,A,N,M,A,N,B,1998,TOYOTA,D,H,A,H,B,-118.4052601,34.18306004,41,0,GM,M,3,3
8715519,2,1,2018,5,6,A,A,D,N,M,A,N,B,1990,TOYOTA,D,H,A,H,C,-118.5535507,34.22822952,25,0,GN,F,3,0
8715519,2,2,2018,5,6,A,A,D,N,M,A,N,B,1990,TOYOTA,D,H,A,H,C,-118.5535507,34.22822952,28,0,GN,M,1,0
8841787,1,1,2019,2340,6,B,A,A,Y,M,B,A,I,2017,NISSAN,D,H,B,G,C,-118.2541199,34.02054977,29,0,GL,M,1,0
8861107,1,1,2019,1100,7,A,A,D,Y,M,A,N,E,2000,CHEVROLET,D,H,A,H,A,-118.3236771,34.08349991,25,0,GM,M,1,0
8873342,2,1,2019,1820,7,A,A,D,N,M,A,N,B,2006,TOYOTA,D,H,A,H,A,-118.2445068,34.02389526,23,0,GM,M,1,0
8927529,3,1,2019,706,3,B,A,D,N,M,A,N,A,2013,CHEVROLET,D,H,A,H,A,-118.0552292,33.9352684,28,0,GM,M,1,0
9000362,1,1,2019,1000,3,A,A,D,N,M,A,A,B,1995,NISSAN,D,H,A,H,A,-118.5534897,34.18737793,18,0,GM,M,1,0
90468371,3,1,2017,1445,1,A,A,C,N,F,A,G,A,2005,NISSAN,D,H,A,H,A,-118.3067618,34.03723844,49,0,GM,F,1,0
90544722,2,1,2017,638,2,A,A,C,N,M,A,N,H,2014,FORD,D,B,A,H,A,-118.1371014,34.07163848,52,0,GM,M,1,0
90673079,1,1,2018,630,5,A,A,E,Y,M,A,H,B,2018,CHEV,D,H,A,H,D,-118.0172501,34.14118958,49,0,GL,M,1,0
90730221,1,1,2018,510,6,A,A,C,N,M,A,N,B,1993,TOYO,D,H,A,H,B,-118.3143692,34.09770203,58,0,GL,M,1,0
90894727,1,1,2018,1225,4,A,A,D,Y,M,A,N,I,1989,MITS,D,H,A,H,A,-118.1565704,34.61280823,24,0,GM,M,1,0
90896516,2,1,2018,1235,6,A,A,D,N,F,A,N,B,2008,GMC,D,H,A,H,A,-118.3537903,33.94181061,38,0,GL,F,1,0
90962883,2,1,2019,2135,7,A,A,D,N,F,A,N,B,2018,CHEV,D,H,A,H,C,-118.2013626,34.65283966,16,0,CM,F,5,0
90962883,2,3,2019,2135,7,A,A,D,N,F,A,N,B,2018,CHEV,D,H,A,H,C,-118.2013626,34.65283966,37,0,GL,F,1,0